#Date,Inv,Psum,Pmax
15.02.18,0,7980,0
15.02.18,1,7820,0
15.02.18,2,7736,0
15.02.18,3,10474,0
15.02.18,4,7507,0
15.02.18,5,7532,0
15.02.18,6,7476,0
15.02.18,7,11280,0
15.02.18,8,5354,0
15.02.18,9,0,0
14.02.18,0,13350,0
14.02.18,1,12826,0
14.02.18,2,12539,0
14.02.18,3,16621,0
14.02.18,4,13860,0
14.02.18,5,13414,0
14.02.18,6,13737,0
14.02.18,7,20313,0
14.02.18,8,9556,0
14.02.18,9,0,0
13.02.18,0,8236,0
13.02.18,1,8021,0
13.02.18,2,7877,0
13.02.18,3,10647,0
13.02.18,4,7771,0
13.02.18,5,7802,0
13.02.18,6,7816,0
13.02.18,7,11783,0
13.02.18,8,5554,0
13.02.18,9,0,0
12.02.18,0,12771,0
12.02.18,1,12345,0
12.02.18,2,11928,0
12.02.18,3,15482,0
12.02.18,4,12889,0
12.02.18,5,12749,0
12.02.18,6,12872,0
12.02.18,7,19123,0
12.02.18,8,9007,0
12.02.18,9,0,0
11.02.18,0,11686,0
11.02.18,1,11229,0
11.02.18,2,10784,0
11.02.18,3,14375,0
11.02.18,4,11852,0
11.02.18,5,11551,0
11.02.18,6,11948,0
11.02.18,7,17708,0
11.02.18,8,8321,0
11.02.18,9,0,0
10.02.18,0,5002,0
10.02.18,1,4914,0
10.02.18,2,4871,0
10.02.18,3,6727,0
10.02.18,4,4510,0
10.02.18,5,4530,0
10.02.18,6,4539,0
10.02.18,7,6936,0
10.02.18,8,3269,0
10.02.18,9,0,0
09.02.18,0,13338,0
09.02.18,1,12791,0
09.02.18,2,12259,0
09.02.18,3,16232,0
09.02.18,4,13917,0
09.02.18,5,13767,0
09.02.18,6,13858,0
09.02.18,7,20423,0
09.02.18,8,9604,0
09.02.18,9,0,0
08.02.18,0,5159,0
08.02.18,1,5021,0
08.02.18,2,4914,0
08.02.18,3,6693,0
08.02.18,4,4774,0
08.02.18,5,4794,0
08.02.18,6,4814,0
08.02.18,7,7326,0
08.02.18,8,3436,0
08.02.18,9,0,0
07.02.18,0,14576,0
07.02.18,1,13982,0
07.02.18,2,13460,0
07.02.18,3,17737,0
07.02.18,4,15500,0
07.02.18,5,15299,0
07.02.18,6,15387,0
07.02.18,7,22643,0
07.02.18,8,10635,0
07.02.18,9,0,0
06.02.18,0,9136,0
06.02.18,1,8881,0
06.02.18,2,8708,0
06.02.18,3,11818,0
06.02.18,4,8939,0
06.02.18,5,8860,0
06.02.18,6,9006,0
06.02.18,7,13456,0
06.02.18,8,6344,0
06.02.18,9,0,0
05.02.18,0,3661,0
05.02.18,1,1850,0
05.02.18,2,3579,0
05.02.18,3,5073,0
05.02.18,4,3283,0
05.02.18,5,3288,0
05.02.18,6,3293,0
05.02.18,7,5096,0
05.02.18,8,2388,0
05.02.18,9,0,0
04.02.18,0,3587,0
04.02.18,1,3541,0
04.02.18,2,3515,0
04.02.18,3,4966,0
04.02.18,4,3196,0
04.02.18,5,3207,0
04.02.18,6,3212,0
04.02.18,7,4955,0
04.02.18,8,2327,0
04.02.18,9,0,0
03.02.18,0,6787,0
03.02.18,1,6649,0
03.02.18,2,6604,0
03.02.18,3,9078,0
03.02.18,4,6271,0
03.02.18,5,6287,0
03.02.18,6,6293,0
03.02.18,7,9549,0
03.02.18,8,4517,0
03.02.18,9,0,0
02.02.18,0,9502,0
02.02.18,1,9202,0
02.02.18,2,9058,0
02.02.18,3,12234,0
02.02.18,4,9488,0
02.02.18,5,9449,0
02.02.18,6,9509,0
02.02.18,7,14154,0
02.02.18,8,6667,0
02.02.18,9,0,0
01.02.18,0,14204,0
01.02.18,1,13576,0
01.02.18,2,12995,0
01.02.18,3,16882,0
01.02.18,4,15073,0
01.02.18,5,14959,0
01.02.18,6,15265,0
01.02.18,7,22409,0
01.02.18,8,10496,0
01.02.18,9,0,0
31.01.18,0,13472,0
31.01.18,1,12863,0
31.01.18,2,12294,0
31.01.18,3,15893,0
31.01.18,4,14272,0
31.01.18,5,14226,0
31.01.18,6,14517,0
31.01.18,7,21347,0
31.01.18,8,9977,0
31.01.18,9,0,0
30.01.18,0,14581,0
30.01.18,1,13919,0
30.01.18,2,13332,0
30.01.18,3,17170,0
30.01.18,4,15531,0
30.01.18,5,15521,0
30.01.18,6,15803,0
30.01.18,7,23200,0
30.01.18,8,10848,0
30.01.18,9,0,0
29.01.18,0,10727,0
29.01.18,1,10353,0
29.01.18,2,9977,0
29.01.18,3,13157,0
29.01.18,4,10940,0
29.01.18,5,11120,0
29.01.18,6,11049,0
29.01.18,7,16363,0
29.01.18,8,7675,0
29.01.18,9,0,0
28.01.18,0,4157,0
28.01.18,1,4107,0
28.01.18,2,4103,0
28.01.18,3,5767,0
28.01.18,4,3662,0
28.01.18,5,3683,0
28.01.18,6,3682,0
28.01.18,7,5726,0
28.01.18,8,2676,0
28.01.18,9,0,0
27.01.18,0,3489,0
27.01.18,1,3455,0
27.01.18,2,3442,0
27.01.18,3,4880,0
27.01.18,4,3069,0
27.01.18,5,3082,0
27.01.18,6,3089,0
27.01.18,7,4830,0
27.01.18,8,2250,0
27.01.18,9,0,0
26.01.18,0,9161,0
26.01.18,1,8796,0
26.01.18,2,9129,0
26.01.18,3,11919,0
26.01.18,4,10085,0
26.01.18,5,9962,0
26.01.18,6,10195,0
26.01.18,7,14597,0
26.01.18,8,6677,0
26.01.18,9,0,0
25.01.18,0,10058,0
25.01.18,1,9807,0
25.01.18,2,9634,0
25.01.18,3,12862,0
25.01.18,4,10186,0
25.01.18,5,10317,0
25.01.18,6,10627,0
25.01.18,7,15831,0
25.01.18,8,7401,0
25.01.18,9,0,0
24.01.18,0,3284,0
24.01.18,1,3520,0
24.01.18,2,3535,0
24.01.18,3,5065,0
24.01.18,4,3162,0
24.01.18,5,3167,0
24.01.18,6,3172,0
24.01.18,7,5013,0
24.01.18,8,2344,0
24.01.18,9,0,0
23.01.18,0,3862,0
23.01.18,1,3816,0
23.01.18,2,3797,0
23.01.18,3,5346,0
23.01.18,4,3445,0
23.01.18,5,3460,0
23.01.18,6,3468,0
23.01.18,7,5368,0
23.01.18,8,2509,0
23.01.18,9,0,0
22.01.18,0,3665,0
22.01.18,1,2467,0
22.01.18,2,3586,0
22.01.18,3,5004,0
22.01.18,4,3242,0
22.01.18,5,3270,0
22.01.18,6,3275,0
22.01.18,7,5099,0
22.01.18,8,2381,0
22.01.18,9,0,0
21.01.18,0,4844,0
21.01.18,1,4730,0
21.01.18,2,4631,0
21.01.18,3,6344,0
21.01.18,4,4502,0
21.01.18,5,4587,0
21.01.18,6,4573,0
21.01.18,7,6943,0
21.01.18,8,3256,0
21.01.18,9,0,0
20.01.18,0,13230,0
20.01.18,1,12552,0
20.01.18,2,12061,0
20.01.18,3,15459,0
20.01.18,4,14023,0
20.01.18,5,14362,0
20.01.18,6,14551,0
20.01.18,7,21300,0
20.01.18,8,9927,0
20.01.18,9,0,0
19.01.18,0,7073,0
19.01.18,1,6821,0
19.01.18,2,6537,0
19.01.18,3,8348,0
19.01.18,4,6844,0
19.01.18,5,7295,0
19.01.18,6,7176,0
19.01.18,7,10755,0
19.01.18,8,5018,0
19.01.18,9,0,0
18.01.18,0,2135,0
18.01.18,1,2092,0
18.01.18,2,2067,0
18.01.18,3,2968,0
18.01.18,4,1913,0
18.01.18,5,1900,0
18.01.18,6,1953,0
18.01.18,7,3063,0
18.01.18,8,1399,0
18.01.18,9,0,0
17.01.18,0,6370,0
17.01.18,1,6188,0
17.01.18,2,6101,0
17.01.18,3,8337,0
17.01.18,4,6203,0
17.01.18,5,6271,0
17.01.18,6,6282,0
17.01.18,7,9394,0
17.01.18,8,4415,0
17.01.18,9,0,0
16.01.18,0,4138,0
16.01.18,1,4068,0
16.01.18,2,4051,0
16.01.18,3,5636,0
16.01.18,4,3735,0
16.01.18,5,3761,0
16.01.18,6,3764,0
16.01.18,7,5775,0
16.01.18,8,2702,0
16.01.18,9,0,0
15.01.18,0,3496,0
15.01.18,1,2586,0
15.01.18,2,3421,0
15.01.18,3,4845,0
15.01.18,4,3122,0
15.01.18,5,3171,0
15.01.18,6,3171,0
15.01.18,7,4949,0
15.01.18,8,2337,0
15.01.18,9,0,0
14.01.18,0,983,0
14.01.18,1,970,0
14.01.18,2,938,0
14.01.18,3,1470,0
14.01.18,4,877,0
14.01.18,5,868,0
14.01.18,6,870,0
14.01.18,7,1442,0
14.01.18,8,624,0
14.01.18,9,0,0
13.01.18,0,5117,0
13.01.18,1,4978,0
13.01.18,2,4890,0
13.01.18,3,6686,0
13.01.18,4,4643,0
13.01.18,5,4671,0
13.01.18,6,4838,0
13.01.18,7,7406,0
13.01.18,8,3483,0
13.01.18,9,0,0
12.01.18,0,4000,0
12.01.18,1,2093,0
12.01.18,2,3859,0
12.01.18,3,5374,0
12.01.18,4,3715,0
12.01.18,5,3753,0
12.01.18,6,3745,0
12.01.18,7,5693,0
12.01.18,8,2677,0
12.01.18,9,0,0
11.01.18,0,5530,0
11.01.18,1,5381,0
11.01.18,2,5304,0
11.01.18,3,7257,0
11.01.18,4,5328,0
11.01.18,5,5393,0
11.01.18,6,5354,0
11.01.18,7,8073,0
11.01.18,8,3785,0
11.01.18,9,0,0
10.01.18,0,3806,0
10.01.18,1,3725,0
10.01.18,2,3680,0
10.01.18,3,5128,0
10.01.18,4,3532,0
10.01.18,5,3585,0
10.01.18,6,3554,0
10.01.18,7,5454,0
10.01.18,8,2550,0
10.01.18,9,0,0
09.01.18,0,4991,0
09.01.18,1,4846,0
09.01.18,2,4722,0
09.01.18,3,6430,0
09.01.18,4,4736,0
09.01.18,5,4872,0
09.01.18,6,4831,0
09.01.18,7,7305,0
09.01.18,8,3413,0
09.01.18,9,0,0
08.01.18,0,8559,0
08.01.18,1,8212,0
08.01.18,2,7964,0
08.01.18,3,10560,0
08.01.18,4,8581,0
08.01.18,5,9046,0
08.01.18,6,8866,0
08.01.18,7,13145,0
08.01.18,8,6156,0
08.01.18,9,0,0
07.01.18,0,12066,0
07.01.18,1,11402,0
07.01.18,2,10922,0
07.01.18,3,13964,0
07.01.18,4,12624,0
07.01.18,5,13409,0
07.01.18,6,13533,0
07.01.18,7,19832,0
07.01.18,8,9221,0
07.01.18,9,0,0
06.01.18,0,11308,0
06.01.18,1,10713,0
06.01.18,2,10291,0
06.01.18,3,13327,0
06.01.18,4,11614,0
06.01.18,5,12296,0
06.01.18,6,12520,0
06.01.18,7,18386,0
06.01.18,8,8555,0
06.01.18,9,0,0
05.01.18,0,9233,0
05.01.18,1,8838,0
05.01.18,2,8547,0
05.01.18,3,10386,0
05.01.18,4,9090,0
05.01.18,5,9545,0
05.01.18,6,9767,0
05.01.18,7,14443,0
05.01.18,8,6749,0
05.01.18,9,0,0
04.01.18,0,4131,0
04.01.18,1,4032,0
04.01.18,2,3967,0
04.01.18,3,5448,0
04.01.18,4,3953,0
04.01.18,5,3993,0
04.01.18,6,3964,0
04.01.18,7,5997,0
04.01.18,8,2793,0
04.01.18,9,0,0
03.01.18,0,8207,0
03.01.18,1,7854,0
03.01.18,2,7637,0
03.01.18,3,10080,0
03.01.18,4,8243,0
03.01.18,5,8491,0
03.01.18,6,8630,0
03.01.18,7,12757,0
03.01.18,8,5954,0
03.01.18,9,0,0
02.01.18,0,11706,0
02.01.18,1,11059,0
02.01.18,2,10612,0
02.01.18,3,13673,0
02.01.18,4,12129,0
02.01.18,5,12730,0
02.01.18,6,12975,0
02.01.18,7,19044,0
02.01.18,8,8858,0
02.01.18,9,0,0
01.01.18,0,10963,0
01.01.18,1,10405,0
01.01.18,2,9964,0
01.01.18,3,12761,0
01.01.18,4,11019,0
01.01.18,5,11847,0
01.01.18,6,12029,0
01.01.18,7,17706,0
01.01.18,8,8219,0
01.01.18,9,0,0
31.12.17,0,4085,0
31.12.17,1,3989,0
31.12.17,2,3932,0
31.12.17,3,5443,0
31.12.17,4,3847,0
31.12.17,5,3869,0
31.12.17,6,3864,0
31.12.17,7,5878,0
31.12.17,8,2734,0
31.12.17,9,0,0
30.12.17,0,9922,0
30.12.17,1,9519,0
30.12.17,2,9264,0
30.12.17,3,12184,0
30.12.17,4,10145,0
30.12.17,5,10480,0
30.12.17,6,10413,0
30.12.17,7,15348,0
30.12.17,8,7161,0
30.12.17,9,0,0
29.12.17,0,7111,0
29.12.17,1,6828,0
29.12.17,2,6650,0
29.12.17,3,9021,0
29.12.17,4,6822,0
29.12.17,5,7082,0
29.12.17,6,7332,0
29.12.17,7,10886,0
29.12.17,8,5050,0
29.12.17,9,0,0
28.12.17,0,10088,0
28.12.17,1,9589,0
28.12.17,2,9289,0
28.12.17,3,11381,0
28.12.17,4,10307,0
28.12.17,5,10737,0
28.12.17,6,10895,0
28.12.17,7,16046,0
28.12.17,8,7441,0
28.12.17,9,0,0
27.12.17,0,10076,0
27.12.17,1,9058,0
27.12.17,2,7809,0
27.12.17,3,7887,0
27.12.17,4,10340,0
27.12.17,5,11048,0
27.12.17,6,10910,0
27.12.17,7,16005,0
27.12.17,8,7393,0
27.12.17,9,0,0
26.12.17,0,5354,0
26.12.17,1,2853,0
26.12.17,2,2121,0
26.12.17,3,2390,0
26.12.17,4,11570,0
26.12.17,5,12453,0
26.12.17,6,12667,0
26.12.17,7,18601,0
26.12.17,8,8552,0
26.12.17,9,0,0
25.12.17,0,1211,0
25.12.17,1,807,0
25.12.17,2,942,0
25.12.17,3,1404,0
25.12.17,4,7043,0
25.12.17,5,8174,0
25.12.17,6,7631,0
25.12.17,7,9377,0
25.12.17,8,3747,0
25.12.17,9,0,0
24.12.17,0,122,0
24.12.17,1,72,0
24.12.17,2,103,0
24.12.17,3,304,0
24.12.17,4,315,0
24.12.17,5,356,0
24.12.17,6,332,0
24.12.17,7,660,0
24.12.17,8,203,0
24.12.17,9,0,0
23.12.17,0,1532,0
23.12.17,1,715,0
23.12.17,2,1472,0
23.12.17,3,2210,0
23.12.17,4,1365,0
23.12.17,5,1359,0
23.12.17,6,1369,0
23.12.17,7,2212,0
23.12.17,8,1000,0
23.12.17,9,0,0
22.12.17,0,3455,0
22.12.17,1,3407,0
22.12.17,2,3378,0
22.12.17,3,4672,0
22.12.17,4,3116,0
22.12.17,5,3131,0
22.12.17,6,3129,0
22.12.17,7,4800,0
22.12.17,8,2252,0
22.12.17,9,0,0
21.12.17,0,2896,0
21.12.17,1,1136,0
21.12.17,2,2810,0
21.12.17,3,3933,0
21.12.17,4,2621,0
21.12.17,5,2635,0
21.12.17,6,2694,0
21.12.17,7,4169,0
21.12.17,8,1935,0
21.12.17,9,0,0
20.12.17,0,5188,0
20.12.17,1,2452,0
20.12.17,2,5027,0
20.12.17,3,6941,0
20.12.17,4,4827,0
20.12.17,5,4926,0
20.12.17,6,4924,0
20.12.17,7,7458,0
20.12.17,8,3511,0
20.12.17,9,0,0
19.12.17,0,5683,0
19.12.17,1,2857,0
19.12.17,2,5439,0
19.12.17,3,7428,0
19.12.17,4,5433,0
19.12.17,5,5543,0
19.12.17,6,5625,0
19.12.17,7,8447,0
19.12.17,8,3964,0
19.12.17,9,0,0
18.12.17,0,1983,0
18.12.17,1,1952,0
18.12.17,2,1922,0
18.12.17,3,2723,0
18.12.17,4,1793,0
18.12.17,5,1795,0
18.12.17,6,1801,0
18.12.17,7,2790,0
18.12.17,8,1298,0
18.12.17,9,0,0
17.12.17,0,5081,0
17.12.17,1,2723,0
17.12.17,2,4835,0
17.12.17,3,6376,0
17.12.17,4,4880,0
17.12.17,5,4982,0
17.12.17,6,4961,0
17.12.17,7,7455,0
17.12.17,8,3498,0
17.12.17,9,0,0
16.12.17,0,9970,0
16.12.17,1,4966,0
16.12.17,2,9072,0
16.12.17,3,11905,0
16.12.17,4,10370,0
16.12.17,5,10915,0
16.12.17,6,11042,0
16.12.17,7,16234,0
16.12.17,8,7563,0
16.12.17,9,0,0
15.12.17,0,7859,0
15.12.17,1,4809,0
15.12.17,2,7240,0
15.12.17,3,9600,0
15.12.17,4,7953,0
15.12.17,5,8452,0
15.12.17,6,8288,0
15.12.17,7,12289,0
15.12.17,8,5734,0
15.12.17,9,0,0
14.12.17,0,6095,0
14.12.17,1,2335,0
14.12.17,2,5777,0
14.12.17,3,7887,0
14.12.17,4,5671,0
14.12.17,5,5737,0
14.12.17,6,5989,0
14.12.17,7,9040,0
14.12.17,8,4230,0
14.12.17,9,0,0
13.12.17,0,9829,0
13.12.17,1,7032,0
13.12.17,2,8898,0
13.12.17,3,11414,0
13.12.17,4,10121,0
13.12.17,5,10860,0
13.12.17,6,10973,0
13.12.17,7,16129,0
13.12.17,8,7489,0
13.12.17,9,0,0
12.12.17,0,10599,0
12.12.17,1,7712,0
12.12.17,2,9617,0
12.12.17,3,12380,0
12.12.17,4,10797,0
12.12.17,5,11583,0
12.12.17,6,11794,0
12.12.17,7,17336,0
12.12.17,8,8068,0
12.12.17,9,0,0
11.12.17,0,10561,0
11.12.17,1,6116,0
11.12.17,2,9639,0
11.12.17,3,12092,0
11.12.17,4,10969,0
11.12.17,5,11882,0
11.12.17,6,11669,0
11.12.17,7,17129,0
11.12.17,8,7973,0
11.12.17,9,0,0
10.12.17,0,9904,0
10.12.17,1,4973,0
10.12.17,2,9133,0
10.12.17,3,12160,0
10.12.17,4,10217,0
10.12.17,5,10614,0
10.12.17,6,10881,0
10.12.17,7,16038,0
10.12.17,8,7474,0
10.12.17,9,0,0
09.12.17,0,9077,0
09.12.17,1,3447,0
09.12.17,2,8323,0
09.12.17,3,11078,0
09.12.17,4,9097,0
09.12.17,5,9534,0
09.12.17,6,9843,0
09.12.17,7,14579,0
09.12.17,8,6800,0
09.12.17,9,0,0
08.12.17,0,11725,0
08.12.17,1,11083,0
08.12.17,2,10642,0
08.12.17,3,13661,0
08.12.17,4,12073,0
08.12.17,5,12919,0
08.12.17,6,13102,0
08.12.17,7,19265,0
08.12.17,8,8977,0
08.12.17,9,0,0
07.12.17,0,3440,0
07.12.17,1,3377,0
07.12.17,2,3331,0
07.12.17,3,4695,0
07.12.17,4,3168,0
07.12.17,5,3204,0
07.12.17,6,3200,0
07.12.17,7,4920,0
07.12.17,8,2302,0
07.12.17,9,0,0
06.12.17,0,7636,0
06.12.17,1,3402,0
06.12.17,2,7118,0
06.12.17,3,9541,0
06.12.17,4,7678,0
06.12.17,5,7968,0
06.12.17,6,8088,0
06.12.17,7,12027,0
06.12.17,8,5598,0
06.12.17,9,0,0
05.12.17,0,1985,0
05.12.17,1,1956,0
05.12.17,2,1925,0
05.12.17,3,2817,0
05.12.17,4,1772,0
05.12.17,5,1776,0
05.12.17,6,1779,0
05.12.17,7,2785,0
05.12.17,8,1293,0
05.12.17,9,0,0
04.12.17,0,9365,0
04.12.17,1,6483,0
04.12.17,2,8676,0
04.12.17,3,11555,0
04.12.17,4,9836,0
04.12.17,5,10112,0
04.12.17,6,10125,0
04.12.17,7,14895,0
04.12.17,8,6948,0
04.12.17,9,0,0
03.12.17,0,9837,0
03.12.17,1,5473,0
03.12.17,2,9087,0
03.12.17,3,11819,0
03.12.17,4,10150,0
03.12.17,5,10611,0
03.12.17,6,10544,0
03.12.17,7,15520,0
03.12.17,8,7255,0
03.12.17,9,0,0
02.12.17,0,10696,0
02.12.17,1,6343,0
02.12.17,2,9812,0
02.12.17,3,12805,0
02.12.17,4,11427,0
02.12.17,5,11802,0
02.12.17,6,11825,0
02.12.17,7,17308,0
02.12.17,8,8070,0
02.12.17,9,0,0
01.12.17,0,9922,0
01.12.17,1,7716,0
01.12.17,2,9285,0
01.12.17,3,12326,0
01.12.17,4,9942,0
01.12.17,5,10240,0
01.12.17,6,10380,0
01.12.17,7,15374,0
01.12.17,8,7205,0
01.12.17,9,0,0
30.11.17,0,12548,0
30.11.17,1,9646,0
30.11.17,2,11410,0
30.11.17,3,14587,0
30.11.17,4,13173,0
30.11.17,5,13744,0
30.11.17,6,13885,0
30.11.17,7,20367,0
30.11.17,8,9503,0
30.11.17,9,0,0
29.11.17,0,8672,0
29.11.17,1,5011,0
29.11.17,2,8091,0
29.11.17,3,10896,0
29.11.17,4,8613,0
29.11.17,5,8744,0
29.11.17,6,9160,0
29.11.17,7,13641,0
29.11.17,8,6373,0
29.11.17,9,0,0
17.11.17,0,12029,0
17.11.17,1,11406,0
17.11.17,2,10763,0
17.11.17,3,13848,0
17.11.17,4,12719,0
17.11.17,5,13146,0
17.11.17,6,13328,0
17.11.17,7,19658,0
17.11.17,8,9163,0
17.11.17,9,11248,0
16.11.17,0,12540,0
16.11.17,1,11938,0
16.11.17,2,11306,0
16.11.17,3,14526,0
16.11.17,4,13293,0
16.11.17,5,13726,0
16.11.17,6,13873,0
16.11.17,7,20474,0
16.11.17,8,9536,0
16.11.17,9,11613,0
15.11.17,0,10007,0
15.11.17,1,9504,0
15.11.17,2,8998,0
15.11.17,3,11607,0
15.11.17,4,10469,0
15.11.17,5,10765,0
15.11.17,6,10865,0
15.11.17,7,16034,0
15.11.17,8,7476,0
15.11.17,9,9346,0
14.11.17,0,8281,0
14.11.17,1,7963,0
14.11.17,2,7710,0
14.11.17,3,10350,0
14.11.17,4,8337,0
14.11.17,5,8491,0
14.11.17,6,8416,0
14.11.17,7,12599,0
14.11.17,8,5917,0
14.11.17,9,7573,0
13.11.17,0,5881,0
13.11.17,1,5734,0
13.11.17,2,5627,0
13.11.17,3,7380,0
13.11.17,4,5459,0
13.11.17,5,5484,0
13.11.17,6,5531,0
13.11.17,7,8423,0
13.11.17,8,3968,0
13.11.17,9,5369,0
12.11.17,0,10536,0
12.11.17,1,10116,0
12.11.17,2,9692,0
12.11.17,3,12877,0
12.11.17,4,10287,0
12.11.17,5,10581,0
12.11.17,6,10755,0
12.11.17,7,16054,0
12.11.17,8,7548,0
12.11.17,9,9551,0
11.11.17,0,11380,0
11.11.17,1,10875,0
11.11.17,2,10363,0
11.11.17,3,13552,0
11.11.17,4,11662,0
11.11.17,5,11950,0
11.11.17,6,11952,0
11.11.17,7,17708,0
11.11.17,8,8308,0
11.11.17,9,10682,0
10.11.17,0,13165,0
10.11.17,1,12593,0
10.11.17,2,12021,0
10.11.17,3,15530,0
10.11.17,4,13766,0
10.11.17,5,13922,0
10.11.17,6,14004,0
10.11.17,7,20695,0
10.11.17,8,9710,0
10.11.17,9,12060,0
09.11.17,0,13696,0
09.11.17,1,13072,0
09.11.17,2,12452,0
09.11.17,3,16150,0
09.11.17,4,14339,0
09.11.17,5,14436,0
09.11.17,6,14591,0
09.11.17,7,21500,0
09.11.17,8,10070,0
09.11.17,9,12509,0
08.11.17,0,13073,0
08.11.17,1,9908,0
08.11.17,2,12029,0
08.11.17,3,15887,0
08.11.17,4,13523,0
08.11.17,5,13688,0
08.11.17,6,13692,0
08.11.17,7,20256,0
08.11.17,8,9507,0
08.11.17,9,12236,0
07.11.17,0,11395,0
07.11.17,1,10960,0
07.11.17,2,10521,0
07.11.17,3,13897,0
07.11.17,4,11659,0
07.11.17,5,11652,0
07.11.17,6,11804,0
07.11.17,7,17492,0
07.11.17,8,8215,0
07.11.17,9,10395,0
06.11.17,0,2876,0
06.11.17,1,2833,0
06.11.17,2,2803,0
06.11.17,3,3975,0
06.11.17,4,2563,0
06.11.17,5,2562,0
06.11.17,6,2580,0
06.11.17,7,4032,0
06.11.17,8,1875,0
06.11.17,9,2579,0
05.11.17,0,3261,0
05.11.17,1,3215,0
05.11.17,2,3180,0
05.11.17,3,4474,0
05.11.17,4,2887,0
05.11.17,5,2899,0
05.11.17,6,2900,0
05.11.17,7,4500,0
05.11.17,8,2112,0
05.11.17,9,2954,0
04.11.17,0,10681,0
04.11.17,1,10344,0
04.11.17,2,10154,0
04.11.17,3,13634,0
04.11.17,4,10574,0
04.11.17,5,10383,0
04.11.17,6,10625,0
04.11.17,7,15861,0
04.11.17,8,7482,0
04.11.17,9,9998,0
03.11.17,0,15380,0
03.11.17,1,11692,0
03.11.17,2,14009,0
03.11.17,3,18169,0
03.11.17,4,16261,0
03.11.17,5,15939,0
03.11.17,6,16344,0
03.11.17,7,24094,0
03.11.17,8,11296,0
03.11.17,9,14203,0
02.11.17,0,15310,0
02.11.17,1,11545,0
02.11.17,2,13969,0
02.11.17,3,18191,0
02.11.17,4,16170,0
02.11.17,5,15845,0
02.11.17,6,16234,0
02.11.17,7,23955,0
02.11.17,8,11236,0
02.11.17,9,14321,0
01.11.17,0,16990,0
01.11.17,1,13220,0
01.11.17,2,15644,0
01.11.17,3,20510,0
01.11.17,4,17788,0
01.11.17,5,17351,0
01.11.17,6,17845,0
01.11.17,7,26361,0
01.11.17,8,12394,0
01.11.17,9,15638,0
31.10.17,0,15172,0
31.10.17,1,14500,0
31.10.17,2,13730,0
31.10.17,3,17501,0
31.10.17,4,15922,0
31.10.17,5,15552,0
31.10.17,6,16117,0
31.10.17,7,23817,0
31.10.17,8,11164,0
31.10.17,9,14076,0
30.10.17,0,4461,0
30.10.17,1,4360,0
30.10.17,2,4281,0
30.10.17,3,5887,0
30.10.17,4,4166,0
30.10.17,5,4135,0
30.10.17,6,4195,0
30.10.17,7,6404,0
30.10.17,8,3004,0
30.10.17,9,3997,0
29.10.17,0,2201,0
29.10.17,1,2170,0
29.10.17,2,2124,0
29.10.17,3,3124,0
29.10.17,4,1951,0
29.10.17,5,1965,0
29.10.17,6,1970,0
29.10.17,7,3107,0
29.10.17,8,1433,0
29.10.17,9,1975,0
28.10.17,0,9078,0
28.10.17,1,8827,0
28.10.17,2,8548,0
28.10.17,3,11463,0
28.10.17,4,8927,0
28.10.17,5,8936,0
28.10.17,6,8884,0
28.10.17,7,13323,0
28.10.17,8,6292,0
28.10.17,9,8057,0
27.10.17,0,14635,0
27.10.17,1,14041,0
27.10.17,2,13455,0
27.10.17,3,17685,0
27.10.17,4,15098,0
27.10.17,5,14605,0
27.10.17,6,15146,0
27.10.17,7,22454,0
27.10.17,8,10557,0
27.10.17,9,13001,0
26.10.17,0,15955,0
26.10.17,1,15341,0
26.10.17,2,14580,0
26.10.17,3,19161,0
26.10.17,4,16387,0
26.10.17,5,15875,0
26.10.17,6,16393,0
26.10.17,7,24276,0
26.10.17,8,11452,0
26.10.17,9,13935,0
25.10.17,0,4298,0
25.10.17,1,4190,0
25.10.17,2,4114,0
25.10.17,3,5690,0
25.10.17,4,3993,0
25.10.17,5,3985,0
25.10.17,6,4005,0
25.10.17,7,6146,0
25.10.17,8,2872,0
25.10.17,9,3795,0
24.10.17,0,13132,0
24.10.17,1,12688,0
24.10.17,2,12288,0
24.10.17,3,16197,0
24.10.17,4,13455,0
24.10.17,5,13289,0
24.10.17,6,13286,0
24.10.17,7,19755,0
24.10.17,8,9318,0
24.10.17,9,11879,0
23.10.17,0,15527,0
23.10.17,1,14917,0
23.10.17,2,14235,0
23.10.17,3,18866,0
23.10.17,4,16205,0
23.10.17,5,15737,0
23.10.17,6,16094,0
23.10.17,7,23805,0
23.10.17,8,11214,0
23.10.17,9,13948,0
22.10.17,0,17485,0
22.10.17,1,16787,0
22.10.17,2,15939,0
22.10.17,3,20927,0
22.10.17,4,18478,0
22.10.17,5,17803,0
22.10.17,6,18280,0
22.10.17,7,26988,0
22.10.17,8,12709,0
22.10.17,9,15537,0
21.10.17,0,17574,0
21.10.17,1,16874,0
21.10.17,2,16041,0
21.10.17,3,21116,0
21.10.17,4,18583,0
21.10.17,5,17852,0
21.10.17,6,18331,0
21.10.17,7,27072,0
21.10.17,8,12754,0
21.10.17,9,15591,0
20.10.17,0,16773,0
20.10.17,1,16154,0
20.10.17,2,15378,0
20.10.17,3,20305,0
20.10.17,4,17440,0
20.10.17,5,16961,0
20.10.17,6,17242,0
20.10.17,7,25515,0
20.10.17,8,12037,0
20.10.17,9,15073,0
19.10.17,0,16844,0
19.10.17,1,16222,0
19.10.17,2,15485,0
19.10.17,3,20523,0
19.10.17,4,17496,0
19.10.17,5,16899,0
19.10.17,6,17293,0
19.10.17,7,25591,0
19.10.17,8,12071,0
19.10.17,9,15135,0
18.10.17,0,17727,0
18.10.17,1,17057,0
18.10.17,2,16314,0
18.10.17,3,21679,0
18.10.17,4,18568,0
18.10.17,5,17709,0
18.10.17,6,18320,0
18.10.17,7,27121,0
18.10.17,8,12776,0
18.10.17,9,15135,0
17.10.17,0,19029,0
17.10.17,1,18293,0
17.10.17,2,17409,0
17.10.17,3,23042,0
17.10.17,4,19992,0
17.10.17,5,19065,0
17.10.17,6,19693,0
17.10.17,7,29136,0
17.10.17,8,13724,0
17.10.17,9,16705,0
16.10.17,0,13316,0
16.10.17,1,12944,0
16.10.17,2,12720,0
16.10.17,3,17135,0
16.10.17,4,13070,0
16.10.17,5,12680,0
16.10.17,6,13075,0
16.10.17,7,19558,0
16.10.17,8,9250,0
16.10.17,9,11520,0
15.10.17,0,14555,0
15.10.17,1,14166,0
15.10.17,2,13931,0
15.10.17,3,18724,0
15.10.17,4,14264,0
15.10.17,5,14086,0
15.10.17,6,14207,0
15.10.17,7,21228,0
15.10.17,8,10086,0
15.10.17,9,12684,0
14.10.17,0,16904,0
14.10.17,1,16369,0
14.10.17,2,16073,0
14.10.17,3,21578,0
14.10.17,4,17280,0
14.10.17,5,16360,0
14.10.17,6,17046,0
14.10.17,7,25319,0
14.10.17,8,11960,0
14.10.17,9,14942,0
13.10.17,0,20021,0
13.10.17,1,19295,0
13.10.17,2,18381,0
13.10.17,3,24431,0
13.10.17,4,20642,0
13.10.17,5,19776,0
13.10.17,6,20361,0
13.10.17,7,30171,0
13.10.17,8,14251,0
13.10.17,9,17383,0
12.10.17,0,19899,0
12.10.17,1,19180,0
12.10.17,2,18327,0
12.10.17,3,24407,0
12.10.17,4,20412,0
12.10.17,5,19631,0
12.10.17,6,20151,0
12.10.17,7,29884,0
12.10.17,8,14122,0
12.10.17,9,17404,0
11.10.17,0,19116,0
11.10.17,1,18461,0
11.10.17,2,17662,0
11.10.17,3,23518,0
11.10.17,4,19369,0
11.10.17,5,18973,0
11.10.17,6,19180,0
11.10.17,7,28505,0
11.10.17,8,13490,0
11.10.17,9,16647,0
10.10.17,0,17553,0
10.10.17,1,16939,0
10.10.17,2,16375,0
10.10.17,3,22042,0
10.10.17,4,17545,0
10.10.17,5,17007,0
10.10.17,6,17474,0
10.10.17,7,26016,0
10.10.17,8,12329,0
10.10.17,9,15239,0
09.10.17,0,12760,0
09.10.17,1,12552,0
09.10.17,2,12473,0
09.10.17,3,16888,0
09.10.17,4,11832,0
09.10.17,5,11866,0
09.10.17,6,11864,0
09.10.17,7,17912,0
09.10.17,8,8562,0
09.10.17,9,10884,0
08.10.17,0,13808,0
08.10.17,1,13486,0
08.10.17,2,13397,0
08.10.17,3,17964,0
08.10.17,4,13296,0
08.10.17,5,12752,0
08.10.17,6,13266,0
08.10.17,7,19887,0
08.10.17,8,9445,0
08.10.17,9,11901,0
07.10.17,0,16158,0
07.10.17,1,15631,0
07.10.17,2,15238,0
07.10.17,3,20519,0
07.10.17,4,15723,0
07.10.17,5,15396,0
07.10.17,6,15696,0
07.10.17,7,23434,0
07.10.17,8,11144,0
07.10.17,9,13837,0
06.10.17,0,22005,0
06.10.17,1,21152,0
06.10.17,2,20283,0
06.10.17,3,27125,0
06.10.17,4,22343,0
06.10.17,5,21433,0
06.10.17,6,21995,0
06.10.17,7,32653,0
06.10.17,8,15459,0
06.10.17,9,18832,0
05.10.17,0,22266,0
05.10.17,1,21459,0
05.10.17,2,20634,0
05.10.17,3,27626,0
05.10.17,4,22550,0
05.10.17,5,21609,0
05.10.17,6,22220,0
05.10.17,7,32982,0
05.10.17,8,15646,0
05.10.17,9,19313,0
04.10.17,0,21929,0
04.10.17,1,21131,0
04.10.17,2,20325,0
04.10.17,3,27342,0
04.10.17,4,22116,0
04.10.17,5,21217,0
04.10.17,6,21814,0
04.10.17,7,32426,0
04.10.17,8,15397,0
04.10.17,9,19043,0
03.10.17,0,20285,0
03.10.17,1,19658,0
03.10.17,2,18984,0
03.10.17,3,25685,0
03.10.17,4,19944,0
03.10.17,5,19903,0
03.10.17,6,19736,0
03.10.17,7,29472,0
03.10.17,8,14051,0
03.10.17,9,17434,0
02.10.17,0,5435,0
02.10.17,1,5369,0
02.10.17,2,5352,0
02.10.17,3,7454,0
02.10.17,4,4808,0
02.10.17,5,4849,0
02.10.17,6,4884,0
02.10.17,7,7543,0
02.10.17,8,3563,0
02.10.17,9,4689,0
01.10.17,0,13223,0
01.10.17,1,12848,0
01.10.17,2,12381,0
01.10.17,3,16715,0
01.10.17,4,12464,0
01.10.17,5,12503,0
01.10.17,6,12476,0
01.10.17,7,18786,0
01.10.17,8,8988,0
01.10.17,9,11019,0
30.09.17,0,18707,0
30.09.17,1,17976,0
30.09.17,2,17166,0
30.09.17,3,23184,0
30.09.17,4,18341,0
30.09.17,5,18262,0
30.09.17,6,18216,0
30.09.17,7,27282,0
30.09.17,8,13038,0
30.09.17,9,15709,0
29.09.17,0,18708,0
29.09.17,1,17989,0
29.09.17,2,17299,0
29.09.17,3,23355,0
29.09.17,4,18419,0
29.09.17,5,17993,0
29.09.17,6,18295,0
29.09.17,7,27360,0
29.09.17,8,13048,0
29.09.17,9,15882,0
28.09.17,0,19047,0
28.09.17,1,18262,0
28.09.17,2,17534,0
28.09.17,3,23543,0
28.09.17,4,18815,0
28.09.17,5,18211,0
28.09.17,6,18618,0
28.09.17,7,27898,0
28.09.17,8,13278,0
28.09.17,9,16156,0
27.09.17,0,22825,0
27.09.17,1,21753,0
27.09.17,2,20715,0
27.09.17,3,28082,0
27.09.17,4,22785,0
27.09.17,5,21977,0
27.09.17,6,22510,0
27.09.17,7,33528,0
27.09.17,8,15957,0
27.09.17,9,18925,0
26.09.17,0,13095,0
26.09.17,1,12842,0
26.09.17,2,12693,0
26.09.17,3,17189,0
26.09.17,4,12610,0
26.09.17,5,12603,0
26.09.17,6,12513,0
26.09.17,7,18805,0
26.09.17,8,8979,0
26.09.17,9,11663,0
25.09.17,0,21205,0
25.09.17,1,20461,0
25.09.17,2,19801,0
25.09.17,3,26945,0
25.09.17,4,20941,0
25.09.17,5,20419,0
25.09.17,6,20699,0
25.09.17,7,30918,0
25.09.17,8,14767,0
25.09.17,9,18510,0
24.09.17,0,21072,0
24.09.17,1,20258,0
24.09.17,2,19593,0
24.09.17,3,26623,0
24.09.17,4,21239,0
24.09.17,5,20394,0
24.09.17,6,20912,0
24.09.17,7,31116,0
24.09.17,8,14796,0
24.09.17,9,18475,0
23.09.17,0,21857,0
23.09.17,1,21006,0
23.09.17,2,20416,0
23.09.17,3,27865,0
23.09.17,4,21777,0
23.09.17,5,20925,0
23.09.17,6,21508,0
23.09.17,7,32070,0
23.09.17,8,15262,0
23.09.17,9,18992,0
22.09.17,0,23238,0
22.09.17,1,22293,0
22.09.17,2,21567,0
22.09.17,3,29384,0
22.09.17,4,23089,0
22.09.17,5,22311,0
22.09.17,6,22820,0
22.09.17,7,34060,0
22.09.17,8,16213,0
22.09.17,9,20176,0
21.09.17,0,19382,0
21.09.17,1,18693,0
21.09.17,2,18299,0
21.09.17,3,24841,0
21.09.17,4,18979,0
21.09.17,5,18372,0
21.09.17,6,18783,0
21.09.17,7,28087,0
21.09.17,8,13350,0
21.09.17,9,16973,0
20.09.17,0,20959,0
20.09.17,1,20219,0
20.09.17,2,19636,0
20.09.17,3,26889,0
20.09.17,4,20481,0
20.09.17,5,20068,0
20.09.17,6,20313,0
20.09.17,7,30378,0
20.09.17,8,14486,0
20.09.17,9,18114,0
19.09.17,0,19956,0
19.09.17,1,19354,0
19.09.17,2,18889,0
19.09.17,3,25698,0
19.09.17,4,19296,0
19.09.17,5,18935,0
19.09.17,6,19164,0
19.09.17,7,28690,0
19.09.17,8,13672,0
19.09.17,9,17378,0
18.09.17,0,18923,0
18.09.17,1,18488,0
18.09.17,2,18152,0
18.09.17,3,24541,0
18.09.17,4,18383,0
18.09.17,5,17994,0
18.09.17,6,18200,0
18.09.17,7,27233,0
18.09.17,8,12969,0
18.09.17,9,16577,0
17.09.17,0,17638,0
17.09.17,1,17073,0
17.09.17,2,16581,0
17.09.17,3,22790,0
17.09.17,4,16892,0
17.09.17,5,16768,0
17.09.17,6,16813,0
17.09.17,7,25214,0
17.09.17,8,12038,0
17.09.17,9,15014,0
16.09.17,0,21519,0
16.09.17,1,20835,0
16.09.17,2,20325,0
16.09.17,3,27751,0
16.09.17,4,20852,0
16.09.17,5,20437,0
16.09.17,6,20677,0
16.09.17,7,30969,0
16.09.17,8,14798,0
16.09.17,9,18329,0
15.09.17,0,22482,0
15.09.17,1,21712,0
15.09.17,2,21142,0
15.09.17,3,28977,0
15.09.17,4,21927,0
15.09.17,5,21326,0
15.09.17,6,21684,0
15.09.17,7,32434,0
15.09.17,8,15472,0
15.09.17,9,19008,0
14.09.17,0,23936,0
14.09.17,1,23066,0
14.09.17,2,22437,0
14.09.17,3,30851,0
14.09.17,4,23335,0
14.09.17,5,22671,0
14.09.17,6,23075,0
14.09.17,7,34529,0
14.09.17,8,16490,0
14.09.17,9,19946,0
13.09.17,0,23749,0
13.09.17,1,22891,0
13.09.17,2,22285,0
13.09.17,3,30721,0
13.09.17,4,23034,0
13.09.17,5,22441,0
13.09.17,6,22794,0
13.09.17,7,34114,0
13.09.17,8,16313,0
13.09.17,9,19833,0
12.09.17,0,23558,0
12.09.17,1,22724,0
12.09.17,2,22135,0
12.09.17,3,30412,0
12.09.17,4,22718,0
12.09.17,5,22191,0
12.09.17,6,22533,0
12.09.17,7,33744,0
12.09.17,8,16126,0
12.09.17,9,19828,0
11.09.17,0,23420,0
11.09.17,1,22634,0
11.09.17,2,22085,0
11.09.17,3,30296,0
11.09.17,4,22534,0
11.09.17,5,22073,0
11.09.17,6,22350,0
11.09.17,7,33471,0
11.09.17,8,16013,0
11.09.17,9,19624,0
10.09.17,0,23392,0
10.09.17,1,22639,0
10.09.17,2,22124,0
10.09.17,3,30328,0
10.09.17,4,22428,0
10.09.17,5,21949,0
10.09.17,6,22262,0
10.09.17,7,33332,0
10.09.17,8,15949,0
10.09.17,9,19603,0
09.09.17,0,25327,0
09.09.17,1,24403,0
09.09.17,2,23835,0
09.09.17,3,32932,0
09.09.17,4,24436,0
09.09.17,5,23738,0
09.09.17,6,24179,0
09.09.17,7,36162,0
09.09.17,8,17302,0
09.09.17,9,21024,0
08.09.17,0,24228,0
08.09.17,1,23399,0
08.09.17,2,22964,0
08.09.17,3,31544,0
08.09.17,4,23265,0
08.09.17,5,22537,0
08.09.17,6,23058,0
08.09.17,7,34513,0
08.09.17,8,16494,0
08.09.17,9,20079,0
07.09.17,0,26961,0
07.09.17,1,26001,0
07.09.17,2,25456,0
07.09.17,3,35142,0
07.09.17,4,26025,0
07.09.17,5,25281,0
07.09.17,6,25731,0
07.09.17,7,38516,0
07.09.17,8,18414,0
07.09.17,9,22329,0
06.09.17,0,12433,0
06.09.17,1,11936,0
06.09.17,2,11643,0
06.09.17,3,16503,0
06.09.17,4,11213,0
06.09.17,5,11210,0
06.09.17,6,11305,0
06.09.17,7,17179,0
06.09.17,8,8217,0
06.09.17,9,10121,0
05.09.17,0,25658,0
05.09.17,1,24792,0
05.09.17,2,24320,0
05.09.17,3,33659,0
05.09.17,4,24427,0
05.09.17,5,23921,0
05.09.17,6,24279,0
05.09.17,7,36445,0
05.09.17,8,17476,0
05.09.17,9,21027,0
04.09.17,0,26478,0
04.09.17,1,25596,0
04.09.17,2,25102,0
04.09.17,3,34693,0
04.09.17,4,25209,0
04.09.17,5,24596,0
04.09.17,6,25050,0
04.09.17,7,37554,0
04.09.17,8,18030,0
04.09.17,9,21790,0
03.09.17,0,26997,0
03.09.17,1,26073,0
03.09.17,2,25598,0
03.09.17,3,35378,0
03.09.17,4,25815,0
03.09.17,5,25129,0
03.09.17,6,25579,0
03.09.17,7,38316,0
03.09.17,8,18384,0
03.09.17,9,22251,0
02.09.17,0,27521,0
02.09.17,1,26601,0
02.09.17,2,26167,0
02.09.17,3,36194,0
02.09.17,4,26239,0
02.09.17,5,25568,0
02.09.17,6,26030,0
02.09.17,7,39002,0
02.09.17,8,18741,0
02.09.17,9,22718,0
01.09.17,0,27751,0
01.09.17,1,26833,0
01.09.17,2,26418,0
01.09.17,3,36589,0
01.09.17,4,26416,0
01.09.17,5,25749,0
01.09.17,6,26209,0
01.09.17,7,39312,0
01.09.17,8,18890,0
01.09.17,9,22795,0
31.08.17,0,25776,0
31.08.17,1,24921,0
31.08.17,2,24557,0
31.08.17,3,34078,0
31.08.17,4,24270,0
31.08.17,5,24199,0
31.08.17,6,24200,0
31.08.17,7,36394,0
31.08.17,8,17527,0
31.08.17,9,21123,0
30.08.17,0,24864,0
30.08.17,1,24204,0
30.08.17,2,23943,0
30.08.17,3,32934,0
30.08.17,4,23331,0
30.08.17,5,22953,0
30.08.17,6,23247,0
30.08.17,7,34959,0
30.08.17,8,16794,0
30.08.17,9,20524,0
29.08.17,0,24483,0
29.08.17,1,23789,0
29.08.17,2,23565,0
29.08.17,3,32494,0
29.08.17,4,22889,0
29.08.17,5,22557,0
29.08.17,6,22804,0
29.08.17,7,34314,0
29.08.17,8,16481,0
29.08.17,9,20272,0
28.08.17,0,27684,0
28.08.17,1,26897,0
28.08.17,2,26560,0
28.08.17,3,36716,0
28.08.17,4,26043,0
28.08.17,5,25495,0
28.08.17,6,25871,0
28.08.17,7,38851,0
28.08.17,8,18680,0
28.08.17,9,22660,0
27.08.17,0,28277,0
27.08.17,1,27450,0
27.08.17,2,27198,0
27.08.17,3,37450,0
27.08.17,4,26603,0
27.08.17,5,26009,0
27.08.17,6,26414,0
27.08.17,7,39716,0
27.08.17,8,19086,0
27.08.17,9,23220,0
26.08.17,0,28987,0
26.08.17,1,28157,0
26.08.17,2,27932,0
26.08.17,3,38668,0
26.08.17,4,27208,0
26.08.17,5,26611,0
26.08.17,6,27024,0
26.08.17,7,40648,0
26.08.17,8,19588,0
26.08.17,9,23839,0
25.08.17,0,28739,0
25.08.17,1,27941,0
25.08.17,2,27729,0
25.08.17,3,38412,0
25.08.17,4,26860,0
25.08.17,5,26350,0
25.08.17,6,26727,0
25.08.17,7,40246,0
25.08.17,8,19392,0
25.08.17,9,23544,0
24.08.17,0,27660,0
24.08.17,1,26902,0
24.08.17,2,26693,0
24.08.17,3,36864,0
24.08.17,4,25737,0
24.08.17,5,25259,0
24.08.17,6,25636,0
24.08.17,7,38582,0
24.08.17,8,18568,0
24.08.17,9,22601,0
23.08.17,0,25720,0
23.08.17,1,25115,0
23.08.17,2,24917,0
23.08.17,3,34198,0
23.08.17,4,23690,0
23.08.17,5,23319,0
23.08.17,6,23702,0
23.08.17,7,35687,0
23.08.17,8,17171,0
23.08.17,9,21164,0
22.08.17,0,26220,0
22.08.17,1,25522,0
22.08.17,2,25378,0
22.08.17,3,34841,0
22.08.17,4,24162,0
22.08.17,5,23948,0
22.08.17,6,24180,0
22.08.17,7,36461,0
22.08.17,8,17540,0
22.08.17,9,21313,0
21.08.17,0,23199,0
21.08.17,1,22529,0
21.08.17,2,22439,0
21.08.17,3,31235,0
21.08.17,4,21132,0
21.08.17,5,21173,0
21.08.17,6,21204,0
21.08.17,7,32072,0
21.08.17,8,15470,0
21.08.17,9,18673,0
20.08.17,0,28381,0
20.08.17,1,27740,0
20.08.17,2,27618,0
20.08.17,3,38103,0
20.08.17,4,26183,0
20.08.17,5,25812,0
20.08.17,6,26144,0
20.08.17,7,39354,0
20.08.17,8,18992,0
20.08.17,9,23032,0
19.08.17,0,27046,0
19.08.17,1,26393,0
19.08.17,2,26346,0
19.08.17,3,36264,0
19.08.17,4,24962,0
19.08.17,5,24644,0
19.08.17,6,24955,0
19.08.17,7,37583,0
19.08.17,8,18104,0
19.08.17,9,21870,0
18.08.17,0,27010,0
18.08.17,1,26446,0
18.08.17,2,26256,0
18.08.17,3,36088,0
18.08.17,4,24834,0
18.08.17,5,24521,0
18.08.17,6,24795,0
18.08.17,7,37345,0
18.08.17,8,18013,0
18.08.17,9,21806,0
17.08.17,0,21115,0
17.08.17,1,20826,0
17.08.17,2,20714,0
17.08.17,3,27942,0
17.08.17,4,19582,0
17.08.17,5,19169,0
17.08.17,6,19503,0
17.08.17,7,29389,0
17.08.17,8,14095,0
17.08.17,9,17518,0
16.08.17,0,24076,0
16.08.17,1,23521,0
16.08.17,2,23340,0
16.08.17,3,32124,0
16.08.17,4,21980,0
16.08.17,5,21673,0
16.08.17,6,22013,0
16.08.17,7,33212,0
16.08.17,8,15991,0
16.08.17,9,19744,0
15.08.17,0,27770,0
15.08.17,1,27139,0
15.08.17,2,27055,0
15.08.17,3,37165,0
15.08.17,4,25494,0
15.08.17,5,25214,0
15.08.17,6,25498,0
15.08.17,7,38449,0
15.08.17,8,18533,0
15.08.17,9,22692,0
14.08.17,0,27988,0
14.08.17,1,27361,0
14.08.17,2,27298,0
14.08.17,3,37353,0
14.08.17,4,25609,0
14.08.17,5,25313,0
14.08.17,6,25589,0
14.08.17,7,38589,0
14.08.17,8,18615,0
14.08.17,9,22867,0
13.08.17,0,27698,0
13.08.17,1,27143,0
13.08.17,2,27057,0
13.08.17,3,36546,0
13.08.17,4,25317,0
13.08.17,5,25017,0
13.08.17,6,25321,0
13.08.17,7,38216,0
13.08.17,8,18424,0
13.08.17,9,23073,0
12.08.17,0,23745,0
12.08.17,1,23171,0
12.08.17,2,23127,0
12.08.17,3,31544,0
12.08.17,4,21706,0
12.08.17,5,21451,0
12.08.17,6,21737,0
12.08.17,7,32672,0
12.08.17,8,15791,0
12.08.17,9,19605,0
11.08.17,0,27696,0
11.08.17,1,27163,0
11.08.17,2,27051,0
11.08.17,3,36896,0
11.08.17,4,25302,0
11.08.17,5,25012,0
11.08.17,6,25235,0
11.08.17,7,38081,0
11.08.17,8,18372,0
11.08.17,9,22640,0
10.08.17,0,29307,0
10.08.17,1,28664,0
10.08.17,2,28679,0
10.08.17,3,39292,0
10.08.17,4,26730,0
10.08.17,5,26377,0
10.08.17,6,26683,0
10.08.17,7,40306,0
10.08.17,8,19497,0
10.08.17,9,23793,0
09.08.17,0,29640,0
09.08.17,1,28960,0
09.08.17,2,28982,0
09.08.17,3,39645,0
09.08.17,4,26977,0
09.08.17,5,26640,0
09.08.17,6,26932,0
09.08.17,7,40723,0
09.08.17,8,19682,0
09.08.17,9,24009,0
08.08.17,0,25962,0
08.08.17,1,25504,0
08.08.17,2,25485,0
08.08.17,3,34623,0
08.08.17,4,23616,0
08.08.17,5,23317,0
08.08.17,6,23583,0
08.08.17,7,35608,0
08.08.17,8,17187,0
08.08.17,9,21060,0
07.08.17,0,22769,0
07.08.17,1,22579,0
07.08.17,2,22524,0
07.08.17,3,30324,0
07.08.17,4,20629,0
07.08.17,5,20291,0
07.08.17,6,20599,0
07.08.17,7,31115,0
07.08.17,8,15010,0
07.08.17,9,18483,0
06.08.17,0,26669,0
06.08.17,1,26252,0
06.08.17,2,26093,0
06.08.17,3,35500,0
06.08.17,4,24150,0
06.08.17,5,24215,0
06.08.17,6,24162,0
06.08.17,7,36495,0
06.08.17,8,17617,0
06.08.17,9,21655,0
05.08.17,0,18217,0
05.08.17,1,17776,0
05.08.17,2,17680,0
05.08.17,3,24407,0
05.08.17,4,16071,0
05.08.17,5,16206,0
05.08.17,6,16239,0
05.08.17,7,24640,0
05.08.17,8,11891,0
05.08.17,9,14699,0
04.08.17,0,15963,0
04.08.17,1,15753,0
04.08.17,2,15629,0
04.08.17,3,21073,0
04.08.17,4,14215,0
04.08.17,5,14267,0
04.08.17,6,14292,0
04.08.17,7,21700,0
04.08.17,8,10421,0
04.08.17,9,13126,0
03.08.17,0,27705,0
03.08.17,1,27183,0
03.08.17,2,27049,0
03.08.17,3,36818,0
03.08.17,4,25254,0
03.08.17,5,25000,0
03.08.17,6,25214,0
03.08.17,7,37987,0
03.08.17,8,18371,0
03.08.17,9,22668,0
02.08.17,0,28942,0
02.08.17,1,28281,0
02.08.17,2,28376,0
02.08.17,3,38749,0
02.08.17,4,26353,0
02.08.17,5,26090,0
02.08.17,6,26306,0
02.08.17,7,39715,0
02.08.17,8,19220,0
02.08.17,9,23526,0
01.08.17,0,29997,0
01.08.17,1,29385,0
01.08.17,2,29630,0
01.08.17,3,40473,0
01.08.17,4,27270,0
01.08.17,5,26975,0
01.08.17,6,27230,0
01.08.17,7,41144,0
01.08.17,8,19963,0
01.08.17,9,24398,0
31.07.17,0,31378,0
31.07.17,1,30731,0
31.07.17,2,31075,0
31.07.17,3,42463,0
31.07.17,4,28384,0
31.07.17,5,28085,0
31.07.17,6,28368,0
31.07.17,7,42896,0
31.07.17,8,20839,0
31.07.17,9,25649,0
30.07.17,0,30957,0
30.07.17,1,30333,0
30.07.17,2,30660,0
30.07.17,3,41832,0
30.07.17,4,28037,0
30.07.17,5,27795,0
30.07.17,6,28023,0
30.07.17,7,42351,0
30.07.17,8,20581,0
30.07.17,9,25167,0
29.07.17,0,27672,0
29.07.17,1,27087,0
29.07.17,2,27309,0
29.07.17,3,37130,0
29.07.17,4,25049,0
29.07.17,5,24709,0
29.07.17,6,25056,0
29.07.17,7,37811,0
29.07.17,8,18308,0
29.07.17,9,22463,0
28.07.17,0,28645,0
28.07.17,1,27996,0
28.07.17,2,28068,0
28.07.17,3,37676,0
28.07.17,4,25667,0
28.07.17,5,25512,0
28.07.17,6,25798,0
28.07.17,7,39042,0
28.07.17,8,18880,0
28.07.17,9,23218,0
27.07.17,0,29971,0
27.07.17,1,29251,0
27.07.17,2,29523,0
27.07.17,3,40107,0
27.07.17,4,26827,0
27.07.17,5,26780,0
27.07.17,6,26906,0
27.07.17,7,40756,0
27.07.17,8,19716,0
27.07.17,9,24125,0
26.07.17,0,30112,0
26.07.17,1,29457,0
26.07.17,2,29736,0
26.07.17,3,40481,0
26.07.17,4,26944,0
26.07.17,5,26853,0
26.07.17,6,27051,0
26.07.17,7,40960,0
26.07.17,8,19833,0
26.07.17,9,24311,0
25.07.17,0,30405,0
25.07.17,1,29757,0
25.07.17,2,30109,0
25.07.17,3,40920,0
25.07.17,4,27292,0
25.07.17,5,27188,0
25.07.17,6,27348,0
25.07.17,7,41400,0
25.07.17,8,20054,0
25.07.17,9,24486,0
24.07.17,0,31420,0
24.07.17,1,30750,0
24.07.17,2,30938,0
24.07.17,3,42102,0
24.07.17,4,28185,0
24.07.17,5,27996,0
24.07.17,6,28192,0
24.07.17,7,42664,0
24.07.17,8,20696,0
24.07.17,9,25338,0
23.07.17,0,31642,0
23.07.17,1,30961,0
23.07.17,2,31305,0
23.07.17,3,42560,0
23.07.17,4,28398,0
23.07.17,5,28193,0
23.07.17,6,28395,0
23.07.17,7,42942,0
23.07.17,8,20871,0
23.07.17,9,25342,0
22.07.17,0,22836,0
22.07.17,1,22587,0
22.07.17,2,22614,0
22.07.17,3,30708,0
22.07.17,4,20436,0
22.07.17,5,20591,0
22.07.17,6,20506,0
22.07.17,7,31086,0
22.07.17,8,14983,0
22.07.17,9,18773,0
21.07.17,0,29397,0
21.07.17,1,28982,0
21.07.17,2,29315,0
21.07.17,3,39639,0
21.07.17,4,26330,0
21.07.17,5,26199,0
21.07.17,6,26381,0
21.07.17,7,39941,0
21.07.17,8,19343,0
21.07.17,9,23854,0
20.07.17,0,28303,0
20.07.17,1,27861,0
20.07.17,2,28306,0
20.07.17,3,38431,0
20.07.17,4,25278,0
20.07.17,5,25109,0
20.07.17,6,25368,0
20.07.17,7,38415,0
20.07.17,8,18609,0
20.07.17,9,22939,0
19.07.17,0,27529,0
19.07.17,1,27014,0
19.07.17,2,27517,0
19.07.17,3,37547,0
19.07.17,4,24310,0
19.07.17,5,24291,0
19.07.17,6,24520,0
19.07.17,7,37246,0
19.07.17,8,18035,0
19.07.17,9,22099,0
18.07.17,0,31240,0
18.07.17,1,30707,0
18.07.17,2,31263,0
18.07.17,3,42478,0
18.07.17,4,27698,0
18.07.17,5,27603,0
18.07.17,6,27845,0
18.07.17,7,42195,0
18.07.17,8,20487,0
18.07.17,9,25023,0
17.07.17,0,28303,0
17.07.17,1,27588,0
17.07.17,2,27884,0
17.07.17,3,37566,0
17.07.17,4,24840,0
17.07.17,5,24721,0
17.07.17,6,24915,0
17.07.17,7,37767,0
17.07.17,8,18315,0
17.07.17,9,22482,0
16.07.17,0,23265,0
16.07.17,1,23058,0
16.07.17,2,23206,0
16.07.17,3,31371,0
16.07.17,4,20919,0
16.07.17,5,20633,0
16.07.17,6,20952,0
16.07.17,7,31722,0
16.07.17,8,15220,0
16.07.17,9,19349,0
15.07.17,0,30001,0
15.07.17,1,29476,0
15.07.17,2,29948,0
15.07.17,3,40477,0
15.07.17,4,26715,0
15.07.17,5,26612,0
15.07.17,6,26791,0
15.07.17,7,40531,0
15.07.17,8,19599,0
15.07.17,9,24463,0
14.07.17,0,29953,0
14.07.17,1,29641,0
14.07.17,2,30043,0
14.07.17,3,40578,0
14.07.17,4,26649,0
14.07.17,5,26537,0
14.07.17,6,26695,0
14.07.17,7,40424,0
14.07.17,8,19556,0
14.07.17,9,24409,0
13.07.17,0,30824,0
13.07.17,1,30295,0
13.07.17,2,30862,0
13.07.17,3,41761,0
13.07.17,4,27444,0
13.07.17,5,27332,0
13.07.17,6,27467,0
13.07.17,7,41595,0
13.07.17,8,20132,0
13.07.17,9,25184,0
12.07.17,0,30706,0
12.07.17,1,30220,0
12.07.17,2,30832,0
12.07.17,3,41674,0
12.07.17,4,27354,0
12.07.17,5,27243,0
12.07.17,6,27395,0
12.07.17,7,41462,0
12.07.17,8,20096,0
12.07.17,9,25090,0
11.07.17,0,31208,0
11.07.17,1,30769,0
11.07.17,2,31431,0
11.07.17,3,42536,0
11.07.17,4,27708,0
11.07.17,5,27617,0
11.07.17,6,27762,0
11.07.17,7,42063,0
11.07.17,8,20397,0
11.07.17,9,25396,0
10.07.17,0,31435,0
10.07.17,1,31000,0
10.07.17,2,31658,0
10.07.17,3,42741,0
10.07.17,4,27973,0
10.07.17,5,27879,0
10.07.17,6,28008,0
10.07.17,7,42423,0
10.07.17,8,20598,0
10.07.17,9,25465,0
09.07.17,0,32081,0
09.07.17,1,31666,0
09.07.17,2,32375,0
09.07.17,3,43751,0
09.07.17,4,28514,0
09.07.17,5,28423,0
09.07.17,6,28579,0
09.07.17,7,43253,0
09.07.17,8,21016,0
09.07.17,9,26033,0
08.07.17,0,30200,0
08.07.17,1,29785,0
08.07.17,2,30461,0
08.07.17,3,41262,0
08.07.17,4,26812,0
08.07.17,5,26685,0
08.07.17,6,26912,0
08.07.17,7,40772,0
08.07.17,8,19782,0
08.07.17,9,24549,0
07.07.17,0,29669,0
07.07.17,1,29444,0
07.07.17,2,30006,0
07.07.17,3,40425,0
07.07.17,4,26318,0
07.07.17,5,26209,0
07.07.17,6,26388,0
07.07.17,7,40037,0
07.07.17,8,19398,0
07.07.17,9,24261,0
06.07.17,0,32668,0
06.07.17,1,32145,0
06.07.17,2,32959,0
06.07.17,3,44582,0
06.07.17,4,28957,0
06.07.17,5,28850,0
06.07.17,6,29020,0
06.07.17,7,44027,0
06.07.17,8,21400,0
06.07.17,9,26638,0
05.07.17,0,27808,0
05.07.17,1,27459,0
05.07.17,2,27967,0
05.07.17,3,37677,0
05.07.17,4,24482,0
05.07.17,5,24430,0
05.07.17,6,24632,0
05.07.17,7,11801,0
05.07.17,8,18132,0
05.07.17,9,22482,0
04.07.17,0,30587,0
04.07.17,1,30244,0
04.07.17,2,30987,0
04.07.17,3,42019,0
04.07.17,4,26775,0
04.07.17,5,26812,0
04.07.17,6,27039,0
04.07.17,7,41104,0
04.07.17,8,19934,0
04.07.17,9,24561,0
03.07.17,0,31668,0
03.07.17,1,31261,0
03.07.17,2,32010,0
03.07.17,3,43199,0
03.07.17,4,27872,0
03.07.17,5,27814,0
03.07.17,6,27977,0
03.07.17,7,42445,0
03.07.17,8,20623,0
03.07.17,9,25552,0
02.07.17,0,32233,0
02.07.17,1,31886,0
02.07.17,2,32700,0
02.07.17,3,44047,0
02.07.17,4,28431,0
02.07.17,5,28334,0
02.07.17,6,28505,0
02.07.17,7,43170,0
02.07.17,8,21012,0
02.07.17,9,26140,0
01.07.17,0,32179,0
01.07.17,1,31811,0
01.07.17,2,32585,0
01.07.17,3,43967,0
01.07.17,4,28347,0
01.07.17,5,28288,0
01.07.17,6,28433,0
01.07.17,7,43152,0
01.07.17,8,20998,0
01.07.17,9,25924,0
30.06.17,0,30791,0
30.06.17,1,30416,0
30.06.17,2,31177,0
30.06.17,3,41332,0
30.06.17,4,27137,0
30.06.17,5,26999,0
30.06.17,6,27229,0
30.06.17,7,41010,0
30.06.17,8,20088,0
30.06.17,9,25148,0
29.06.17,0,32936,0
29.06.17,1,32608,0
29.06.17,2,33458,0
29.06.17,3,45241,0
29.06.17,4,28915,0
29.06.17,5,28870,0
29.06.17,6,29048,0
29.06.17,7,44085,0
29.06.17,8,21482,0
29.06.17,9,26502,0
28.06.17,0,32240,0
28.06.17,1,31895,0
28.06.17,2,32750,0
28.06.17,3,44250,0
28.06.17,4,28294,0
28.06.17,5,28280,0
28.06.17,6,28478,0
28.06.17,7,43245,0
28.06.17,8,21041,0
28.06.17,9,25894,0
27.06.17,0,31572,0
27.06.17,1,31242,0
27.06.17,2,31922,0
27.06.17,3,43055,0
27.06.17,4,27824,0
27.06.17,5,27761,0
27.06.17,6,27973,0
27.06.17,7,42358,0
27.06.17,8,20639,0
27.06.17,9,25305,0
26.06.17,0,32529,0
26.06.17,1,32201,0
26.06.17,2,33005,0
26.06.17,3,44476,0
26.06.17,4,28712,0
26.06.17,5,28637,0
26.06.17,6,28792,0
26.06.17,7,43586,0
26.06.17,8,21267,0
26.06.17,9,26039,0
25.06.17,0,32950,0
25.06.17,1,32626,0
25.06.17,2,33446,0
25.06.17,3,45056,0
25.06.17,4,29098,0
25.06.17,5,29026,0
25.06.17,6,29160,0
25.06.17,7,44175,0
25.06.17,8,21545,0
25.06.17,9,26587,0
24.06.17,0,32540,0
24.06.17,1,32155,0
24.06.17,2,32776,0
24.06.17,3,44240,0
24.06.17,4,28650,0
24.06.17,5,28602,0
24.06.17,6,28740,0
24.06.17,7,43506,0
24.06.17,8,21201,0
24.06.17,9,26459,0
23.06.17,0,32347,0
23.06.17,1,31994,0
23.06.17,2,32808,0
23.06.17,3,44033,0
23.06.17,4,28485,0
23.06.17,5,28406,0
23.06.17,6,28606,0
23.06.17,7,43318,0
23.06.17,8,21074,0
23.06.17,9,26179,0
22.06.17,0,31504,0
22.06.17,1,31128,0
22.06.17,2,31855,0
22.06.17,3,42858,0
22.06.17,4,27805,0
22.06.17,5,27735,0
22.06.17,6,27929,0
22.06.17,7,42297,0
22.06.17,8,20538,0
22.06.17,9,25738,0
21.06.17,0,14374,0
21.06.17,1,14203,0
21.06.17,2,14314,0
21.06.17,3,19413,0
21.06.17,4,12519,0
21.06.17,5,12577,0
21.06.17,6,12662,0
21.06.17,7,19233,0
21.06.17,8,9254,0
21.06.17,9,11975,0
20.06.17,0,10930,0
20.06.17,1,10862,0
20.06.17,2,10919,0
20.06.17,3,14898,0
20.06.17,4,9464,0
20.06.17,5,9394,0
20.06.17,6,9601,0
20.06.17,7,14675,0
20.06.17,8,7024,0
20.06.17,9,9104,0
19.06.17,0,12001,0
19.06.17,1,11663,0
19.06.17,2,12234,0
19.06.17,3,16861,0
19.06.17,4,10372,0
19.06.17,5,10465,0
19.06.17,6,10523,0
19.06.17,7,16151,0
19.06.17,8,7795,0
19.06.17,9,9799,0
18.06.17,0,15075,0
18.06.17,1,14964,0
18.06.17,2,15010,0
18.06.17,3,20230,0
18.06.17,4,13296,0
18.06.17,5,13287,0
18.06.17,6,13411,0
18.06.17,7,20352,0
18.06.17,8,9776,0
18.06.17,9,12488,0
17.06.17,0,29783,0
17.06.17,1,29359,0
17.06.17,2,30031,0
17.06.17,3,40399,0
17.06.17,4,26350,0
17.06.17,5,26264,0
17.06.17,6,26474,0
17.06.17,7,40134,0
17.06.17,8,19458,0
17.06.17,9,24037,0
16.06.17,0,31929,0
16.06.17,1,31528,0
16.06.17,2,32326,0
16.06.17,3,43600,0
16.06.17,4,28176,0
16.06.17,5,28140,0
16.06.17,6,28322,0
16.06.17,7,42963,0
16.06.17,8,20878,0
16.06.17,9,25914,0
15.06.17,0,23277,0
15.06.17,1,22899,0
15.06.17,2,23157,0
15.06.17,3,31314,0
15.06.17,4,20322,0
15.06.17,5,20281,0
15.06.17,6,20515,0
15.06.17,7,31170,0
15.06.17,8,15051,0
15.06.17,9,19016,0
14.06.17,0,30947,0
14.06.17,1,30479,0
14.06.17,2,31281,0
14.06.17,3,42195,0
14.06.17,4,27180,0
14.06.17,5,27143,0
14.06.17,6,27420,0
14.06.17,7,41656,0
14.06.17,8,20177,0
14.06.17,9,24878,0
13.06.17,0,32537,0
13.06.17,1,32142,0
13.06.17,2,32728,0
13.06.17,3,44178,0
13.06.17,4,28769,0
13.06.17,5,28741,0
13.06.17,6,28854,0
13.06.17,7,43706,0
13.06.17,8,21245,0
13.06.17,9,26405,0
12.06.17,0,27729,0
12.06.17,1,27385,0
12.06.17,2,27819,0
12.06.17,3,37565,0
12.06.17,4,24501,0
12.06.17,5,24344,0
12.06.17,6,24575,0
12.06.17,7,37229,0
12.06.17,8,18033,0
12.06.17,9,22426,0
11.06.17,0,28254,0
11.06.17,1,28039,0
11.06.17,2,28237,0
11.06.17,3,37832,0
11.06.17,4,25179,0
11.06.17,5,25138,0
11.06.17,6,25228,0
11.06.17,7,38137,0
11.06.17,8,18454,0
11.06.17,9,23086,0
10.06.17,0,26811,0
10.06.17,1,26337,0
10.06.17,2,26950,0
10.06.17,3,36517,0
10.06.17,4,23539,0
10.06.17,5,23712,0
10.06.17,6,23745,0
10.06.17,7,36104,0
10.06.17,8,17447,0
10.06.17,9,21911,0
09.06.17,0,27307,0
09.06.17,1,26943,0
09.06.17,2,27445,0
09.06.17,3,36961,0
09.06.17,4,23964,0
09.06.17,5,24192,0
09.06.17,6,24254,0
09.06.17,7,36610,0
09.06.17,8,17766,0
09.06.17,9,22203,0
08.06.17,0,26961,0
08.06.17,1,26580,0
08.06.17,2,26875,0
08.06.17,3,36276,0
08.06.17,4,23781,0
08.06.17,5,23668,0
08.06.17,6,23901,0
08.06.17,7,36184,0
08.06.17,8,17511,0
08.06.17,9,21905,0
07.06.17,0,32710,0
07.06.17,1,32307,0
07.06.17,2,33116,0
07.06.17,3,44762,0
07.06.17,4,28840,0
07.06.17,5,28765,0
07.06.17,6,28949,0
07.06.17,7,43866,0
07.06.17,8,21324,0
07.06.17,9,26567,0
06.06.17,0,23982,0
06.06.17,1,23632,0
06.06.17,2,24152,0
06.06.17,3,32720,0
06.06.17,4,20998,0
06.06.17,5,21181,0
06.06.17,6,21196,0
06.06.17,7,32229,0
06.06.17,8,15577,0
06.06.17,9,19474,0
05.06.17,0,20474,0
05.06.17,1,20335,0
05.06.17,2,20416,0
05.06.17,3,27403,0
05.06.17,4,18321,0
05.06.17,5,18008,0
05.06.17,6,18324,0
05.06.17,7,27600,0
05.06.17,8,13342,0
05.06.17,9,16687,0
04.06.17,0,17689,0
04.06.17,1,17588,0
04.06.17,2,17701,0
04.06.17,3,23813,0
04.06.17,4,15452,0
04.06.17,5,15391,0
04.06.17,6,15581,0
04.06.17,7,23702,0
04.06.17,8,11403,0
04.06.17,9,14591,0
03.06.17,0,28118,0
03.06.17,1,27597,0
03.06.17,2,28292,0
03.06.17,3,38302,0
03.06.17,4,24975,0
03.06.17,5,24828,0
03.06.17,6,25064,0
03.06.17,7,37956,0
03.06.17,8,18375,0
03.06.17,9,23018,0
02.06.17,0,25680,0
02.06.17,1,25440,0
02.06.17,2,25877,0
02.06.17,3,34810,0
02.06.17,4,22703,0
02.06.17,5,22543,0
02.06.17,6,22800,0
02.06.17,7,34513,0
02.06.17,8,16699,0
02.06.17,9,20969,0
01.06.17,0,26484,0
01.06.17,1,26005,0
01.06.17,2,26272,0
01.06.17,3,35484,0
01.06.17,4,23568,0
01.06.17,5,23462,0
01.06.17,6,23628,0
01.06.17,7,35682,0
01.06.17,8,17230,0
01.06.17,9,21842,0
31.05.17,0,18631,0
31.05.17,1,18485,0
31.05.17,2,18575,0
31.05.17,3,25050,0
31.05.17,4,16536,0
31.05.17,5,16676,0
31.05.17,6,16629,0
31.05.17,7,25263,0
31.05.17,8,12127,0
31.05.17,9,15650,0
30.05.17,0,21959,0
30.05.17,1,21774,0
30.05.17,2,21992,0
30.05.17,3,29540,0
30.05.17,4,19299,0
30.05.17,5,19070,0
30.05.17,6,19437,0
30.05.17,7,29454,0
30.05.17,8,14202,0
30.05.17,9,18084,0
29.05.17,0,23731,0
29.05.17,1,23463,0
29.05.17,2,23631,0
29.05.17,3,31783,0
29.05.17,4,21207,0
29.05.17,5,20968,0
29.05.17,6,21231,0
29.05.17,7,32091,0
29.05.17,8,15514,0
29.05.17,9,19543,0
28.05.17,0,16540,0
28.05.17,1,16198,0
28.05.17,2,16411,0
28.05.17,3,22520,0
28.05.17,4,14380,0
28.05.17,5,14522,0
28.05.17,6,14545,0
28.05.17,7,22174,0
28.05.17,8,10665,0
28.05.17,9,13549,0
27.05.17,0,16959,0
27.05.17,1,16650,0
27.05.17,2,16784,0
27.05.17,3,22735,0
27.05.17,4,15212,0
27.05.17,5,15183,0
27.05.17,6,15266,0
27.05.17,7,23078,0
27.05.17,8,11067,0
27.05.17,9,14207,0
26.05.17,0,14336,0
26.05.17,1,14163,0
26.05.17,2,14162,0
26.05.17,3,19251,0
26.05.17,4,12772,0
26.05.17,5,12868,0
26.05.17,6,12819,0
26.05.17,7,19479,0
26.05.17,8,9327,0
26.05.17,9,12110,0
25.05.17,0,30372,0
25.05.17,1,29801,0
25.05.17,2,30320,0
25.05.17,3,40883,0
25.05.17,4,27018,0
25.05.17,5,26866,0
25.05.17,6,27100,0
25.05.17,7,41005,0
25.05.17,8,19813,0
25.05.17,9,24944,0
24.05.17,0,32321,0
24.05.17,1,31814,0
24.05.17,2,32390,0
24.05.17,3,43677,0
24.05.17,4,28827,0
24.05.17,5,28706,0
24.05.17,6,28901,0
24.05.17,7,43728,0
24.05.17,8,21141,0
24.05.17,9,26598,0
23.05.17,0,20902,0
23.05.17,1,20500,0
23.05.17,2,21010,0
23.05.17,3,28554,0
23.05.17,4,18487,0
23.05.17,5,18618,0
23.05.17,6,18652,0
23.05.17,7,28340,0
23.05.17,8,13656,0
23.05.17,9,17403,0
22.05.17,0,19935,0
22.05.17,1,19446,0
22.05.17,2,19747,0
22.05.17,3,26800,0
22.05.17,4,17621,0
22.05.17,5,17582,0
22.05.17,6,17768,0
22.05.17,7,26955,0
22.05.17,8,12950,0
22.05.17,9,16692,0
21.05.17,0,14173,0
21.05.17,1,14047,0
21.05.17,2,14068,0
21.05.17,3,18953,0
21.05.17,4,12473,0
21.05.17,5,12124,0
21.05.17,6,12531,0
21.05.17,7,18998,0
21.05.17,8,9123,0
21.05.17,9,11564,0
20.05.17,0,25603,0
20.05.17,1,25071,0
20.05.17,2,25440,0
20.05.17,3,34490,0
20.05.17,4,22735,0
20.05.17,5,22758,0
20.05.17,6,22860,0
20.05.17,7,34595,0
20.05.17,8,16684,0
20.05.17,9,21079,0
19.05.17,0,12926,0
19.05.17,1,12816,0
19.05.17,2,12835,0
19.05.17,3,17391,0
19.05.17,4,11355,0
19.05.17,5,11381,0
19.05.17,6,11444,0
19.05.17,7,17421,0
19.05.17,8,8334,0
19.05.17,9,10800,0
18.05.17,0,20430,0
18.05.17,1,20182,0
18.05.17,2,20173,0
18.05.17,3,27021,0
18.05.17,4,18469,0
18.05.17,5,18227,0
18.05.17,6,18462,0
18.05.17,7,27835,0
18.05.17,8,13318,0
18.05.17,9,16909,0
17.05.17,0,16356,0
17.05.17,1,16205,0
17.05.17,2,16437,0
17.05.17,3,22135,0
17.05.17,4,14305,0
17.05.17,5,14378,0
17.05.17,6,14450,0
17.05.17,7,21959,0
17.05.17,8,10547,0
17.05.17,9,13907,0
16.05.17,0,26008,0
16.05.17,1,25639,0
16.05.17,2,25935,0
16.05.17,3,34709,0
16.05.17,4,23467,0
16.05.17,5,23203,0
16.05.17,6,23454,0
16.05.17,7,35419,0
16.05.17,8,17078,0
16.05.17,9,21493,0
15.05.17,0,27787,0
15.05.17,1,27153,0
15.05.17,2,27602,0
15.05.17,3,37524,0
15.05.17,4,24840,0
15.05.17,5,24947,0
15.05.17,6,24922,0
15.05.17,7,37753,0
15.05.17,8,18227,0
15.05.17,9,22978,0
14.05.17,0,27457,0
14.05.17,1,26907,0
14.05.17,2,27332,0
14.05.17,3,37041,0
14.05.17,4,24664,0
14.05.17,5,24502,0
14.05.17,6,24761,0
14.05.17,7,37399,0
14.05.17,8,18062,0
14.05.17,9,22483,0
13.05.17,0,26100,0
13.05.17,1,25717,0
13.05.17,2,25835,0
13.05.17,3,34718,0
13.05.17,4,23453,0
13.05.17,5,23256,0
13.05.17,6,23536,0
13.05.17,7,35467,0
13.05.17,8,17100,0
13.05.17,9,21497,0
12.05.17,0,29622,0
12.05.17,1,29068,0
12.05.17,2,29219,0
12.05.17,3,39391,0
12.05.17,4,26733,0
12.05.17,5,26477,0
12.05.17,6,26720,0
12.05.17,7,40249,0
12.05.17,8,19422,0
12.05.17,9,24452,0
11.05.17,0,31263,0
11.05.17,1,30624,0
11.05.17,2,31016,0
11.05.17,3,41966,0
11.05.17,4,28405,0
11.05.17,5,28136,0
11.05.17,6,28298,0
11.05.17,7,42655,0
11.05.17,8,20598,0
11.05.17,9,25693,0
10.05.17,0,29723,0
10.05.17,1,29128,0
10.05.17,2,29488,0
10.05.17,3,39940,0
10.05.17,4,26854,0
10.05.17,5,26792,0
10.05.17,6,26930,0
10.05.17,7,40679,0
10.05.17,8,19583,0
10.05.17,9,24547,0
09.05.17,0,15637,0
09.05.17,1,15402,0
09.05.17,2,15401,0
09.05.17,3,20672,0
09.05.17,4,13946,0
09.05.17,5,13593,0
09.05.17,6,13972,0
09.05.17,7,21126,0
09.05.17,8,10110,0
09.05.17,9,12716,0
08.05.17,0,24357,0
08.05.17,1,24086,0
08.05.17,2,24094,0
08.05.17,3,32238,0
08.05.17,4,21904,0
08.05.17,5,21690,0
08.05.17,6,21946,0
08.05.17,7,33181,0
08.05.17,8,15955,0
08.05.17,9,20095,0
07.05.17,0,21948,0
07.05.17,1,21573,0
07.05.17,2,21678,0
07.05.17,3,29551,0
07.05.17,4,19550,0
07.05.17,5,19614,0
07.05.17,6,19677,0
07.05.17,7,29815,0
07.05.17,8,14327,0
07.05.17,9,18075,0
06.05.17,0,18171,0
06.05.17,1,17908,0
06.05.17,2,17925,0
06.05.17,3,29551,0
06.05.17,4,16440,0
06.05.17,5,16386,0
06.05.17,6,16461,0
06.05.17,7,24859,0
06.05.17,8,11897,0
06.05.17,9,15162,0
05.05.17,0,26998,0
05.05.17,1,26348,0
05.05.17,2,26355,0
05.05.17,3,35939,0
05.05.17,4,24650,0
05.05.17,5,24394,0
05.05.17,6,24601,0
05.05.17,7,37051,0
05.05.17,8,17838,0
05.05.17,9,22221,0
04.05.17,0,29087,0
04.05.17,1,28421,0
04.05.17,2,28486,0
04.05.17,3,38711,0
04.05.17,4,26670,0
04.05.17,5,26441,0
04.05.17,6,26572,0
04.05.17,7,39998,0
04.05.17,8,19262,0
04.05.17,9,23990,0
03.05.17,0,26190,0
03.05.17,1,25816,0
03.05.17,2,25765,0
03.05.17,3,34524,0
03.05.17,4,23931,0
03.05.17,5,23745,0
03.05.17,6,23853,0
03.05.17,7,35905,0
03.05.17,8,17251,0
03.05.17,9,21882,0
02.05.17,0,16511,0
02.05.17,1,16283,0
02.05.17,2,16172,0
02.05.17,3,21690,0
02.05.17,4,15170,0
02.05.17,5,15135,0
02.05.17,6,15119,0
02.05.17,7,22778,0
02.05.17,8,10893,0
02.05.17,9,13884,0
01.05.17,0,18101,0
01.05.17,1,17929,0
01.05.17,2,17854,0
01.05.17,3,24069,0
01.05.17,4,16440,0
01.05.17,5,16432,0
01.05.17,6,16418,0
01.05.17,7,24814,0
01.05.17,8,11890,0
01.05.17,9,15712,0
30.04.17,0,21632,0
30.04.17,1,21175,0
30.04.17,2,21172,0
30.04.17,3,28695,0
30.04.17,4,19876,0
30.04.17,5,19630,0
30.04.17,6,19821,0
30.04.17,7,29796,0
30.04.17,8,14302,0
30.04.17,9,18430,0
29.04.17,0,29414,0
29.04.17,1,28753,0
29.04.17,2,28723,0
29.04.17,3,39252,0
29.04.17,4,27122,0
29.04.17,5,26885,0
29.04.17,6,26980,0
29.04.17,7,40532,0
29.04.17,8,19543,0
29.04.17,9,24923,0
28.04.17,0,29405,0
28.04.17,1,28732,0
28.04.17,2,28679,0
28.04.17,3,39247,0
28.04.17,4,27093,0
28.04.17,5,26865,0
28.04.17,6,26958,0
28.04.17,7,40533,0
28.04.17,8,19526,0
28.04.17,9,25017,0
27.04.17,0,29540,0
27.04.17,1,28840,0
27.04.17,2,28764,0
27.04.17,3,39378,0
27.04.17,4,27317,0
27.04.17,5,27066,0
27.04.17,6,27151,0
27.04.17,7,40784,0
27.04.17,8,19638,0
27.04.17,9,25308,0
26.04.17,0,29539,0
26.04.17,1,28814,0
26.04.17,2,28712,0
26.04.17,3,39256,0
26.04.17,4,27395,0
26.04.17,5,27180,0
26.04.17,6,27204,0
26.04.17,7,40856,0
26.04.17,8,19661,0
26.04.17,9,25475,0
25.04.17,0,30166,0
25.04.17,1,29381,0
25.04.17,2,29312,0
25.04.17,3,40131,0
25.04.17,4,28041,0
25.04.17,5,27869,0
25.04.17,6,27830,0
25.04.17,7,41880,0
25.04.17,8,20139,0
25.04.17,9,26179,0
24.04.17,0,15123,0
24.04.17,1,14664,0
24.04.17,2,14693,0
24.04.17,3,20569,0
24.04.17,4,13524,0
24.04.17,5,13637,0
24.04.17,6,13619,0
24.04.17,7,20736,0
24.04.17,8,9938,0
24.04.17,9,13066,0
23.04.17,0,10087,0
23.04.17,1,9891,0
23.04.17,2,9916,0
23.04.17,3,13599,0
23.04.17,4,8976,0
23.04.17,5,9037,0
23.04.17,6,9039,0
23.04.17,7,13774,0
23.04.17,8,6571,0
23.04.17,9,8998,0
22.04.17,0,15047,0
22.04.17,1,14827,0
22.04.17,2,14757,0
22.04.17,3,20070,0
22.04.17,4,13336,0
22.04.17,5,13428,0
22.04.17,6,13404,0
22.04.17,7,20340,0
22.04.17,8,9743,0
22.04.17,9,12971,0
21.04.17,0,5771,0
21.04.17,1,5712,0
21.04.17,2,5694,0
21.04.17,3,7802,0
21.04.17,4,5044,0
21.04.17,5,5053,0
21.04.17,6,5083,0
21.04.17,7,7835,0
21.04.17,8,3695,0
21.04.17,9,5086,0
20.04.17,0,24314,0
20.04.17,1,23759,0
20.04.17,2,23703,0
20.04.17,3,31930,0
20.04.17,4,22511,0
20.04.17,5,22307,0
20.04.17,6,22431,0
20.04.17,7,33732,0
20.04.17,8,16167,0
20.04.17,9,20513,0
19.04.17,0,26876,0
19.04.17,1,26011,0
19.04.17,2,25740,0
19.04.17,3,35410,0
19.04.17,4,25206,0
19.04.17,5,24930,0
19.04.17,6,25044,0
19.04.17,7,37584,0
19.04.17,8,17998,0
19.04.17,9,22577,0
18.04.17,0,14934,0
18.04.17,1,14669,0
18.04.17,2,14506,0
18.04.17,3,19617,0
18.04.17,4,13606,0
18.04.17,5,13675,0
18.04.17,6,13609,0
18.04.17,7,20602,0
18.04.17,8,9848,0
18.04.17,9,12834,0
17.04.17,0,21517,0
17.04.17,1,21140,0
17.04.17,2,21038,0
17.04.17,3,28118,0
17.04.17,4,19765,0
17.04.17,5,19666,0
17.04.17,6,19745,0
17.04.17,7,29743,0
17.04.17,8,14231,0
17.04.17,9,18440,0
16.04.17,0,18059,0
16.04.17,1,17564,0
16.04.17,2,17383,0
16.04.17,3,23520,0
16.04.17,4,16872,0
16.04.17,5,16558,0
16.04.17,6,16759,0
16.04.17,7,25131,0
16.04.17,8,11992,0
16.04.17,9,15480,0
15.04.17,0,23648,0
15.04.17,1,23181,0
15.04.17,2,22938,0
15.04.17,3,30904,0
15.04.17,4,22216,0
15.04.17,5,21870,0
15.04.17,6,22059,0
15.04.17,7,33021,0
15.04.17,8,15773,0
15.04.17,9,20069,0
14.04.17,0,25903,0
14.04.17,1,25342,0
14.04.17,2,24978,0
14.04.17,3,33818,0
14.04.17,4,24342,0
14.04.17,5,24226,0
14.04.17,6,24143,0
14.04.17,7,36153,0
14.04.17,8,17297,0
14.04.17,9,22236,0
13.04.17,0,10216,0
13.04.17,1,10096,0
13.04.17,2,10059,0
13.04.17,3,13644,0
13.04.17,4,9082,0
13.04.17,5,9091,0
13.04.17,6,9112,0
13.04.17,7,13868,0
13.04.17,8,6600,0
13.04.17,9,8870,0
12.04.17,0,11592,0
12.04.17,1,11293,0
12.04.17,2,11195,0
12.04.17,3,15432,0
12.04.17,4,10308,0
12.04.17,5,10320,0
12.04.17,6,10353,0
12.04.17,7,15711,0
12.04.17,8,7496,0
12.04.17,9,10016,0
11.04.17,0,27075,0
11.04.17,1,26155,0
11.04.17,2,25728,0
11.04.17,3,35396,0
11.04.17,4,25740,0
11.04.17,5,25376,0
11.04.17,6,25451,0
11.04.17,7,38080,0
11.04.17,8,18181,0
11.04.17,9,23377,0
10.04.17,0,19523,0
10.04.17,1,19195,0
10.04.17,2,19090,0
10.04.17,3,25591,0
10.04.17,4,18399,0
10.04.17,5,17931,0
10.04.17,6,18262,0
10.04.17,7,27395,0
10.04.17,8,13010,0
10.04.17,9,16949,0
09.04.17,0,16665,0
09.04.17,1,16268,0
09.04.17,2,16204,0
09.04.17,3,21905,0
09.04.17,4,15388,0
09.04.17,5,15162,0
09.04.17,6,15339,0
09.04.17,7,23080,0
09.04.17,8,11025,0
09.04.17,9,14550,0
08.04.17,0,10015,0
08.04.17,1,9726,0
08.04.17,2,9617,0
08.04.17,3,13265,0
08.04.17,4,9106,0
08.04.17,5,9131,0
08.04.17,6,9143,0
08.04.17,7,13859,0
08.04.17,8,6602,0
08.04.17,9,8760,0
07.04.17,0,18483,0
07.04.17,1,17821,0
07.04.17,2,17714,0
07.04.17,3,23411,0
07.04.17,4,17351,0
07.04.17,5,17131,0
07.04.17,6,17269,0
07.04.17,7,25543,0
07.04.17,8,12331,0
07.04.17,9,16073,0
06.04.17,0,18117,0
06.04.17,1,17716,0
06.04.17,2,17436,0
06.04.17,3,23208,0
06.04.17,4,17320,0
06.04.17,5,17085,0
06.04.17,6,17139,0
06.04.17,7,25625,0
06.04.17,8,12170,0
06.04.17,9,16099,0
05.04.17,0,18433,0
05.04.17,1,17954,0
05.04.17,2,17606,0
05.04.17,3,23743,0
05.04.17,4,17115,0
05.04.17,5,17108,0
05.04.17,6,17053,0
05.04.17,7,25566,0
05.04.17,8,12212,0
05.04.17,9,16376,0
04.04.17,0,24852,0
04.04.17,1,24173,0
04.04.17,2,23586,0
04.04.17,3,31679,0
04.04.17,4,23998,0
04.04.17,5,23558,0
04.04.17,6,23646,0
04.04.17,7,35231,0
04.04.17,8,16749,0
04.04.17,9,21846,0
03.04.17,0,25994,0
03.04.17,1,25047,0
03.04.17,2,24396,0
03.04.17,3,33382,0
03.04.17,4,25285,0
03.04.17,5,24793,0
03.04.17,6,24910,0
03.04.17,7,37088,0
03.04.17,8,17669,0
03.04.17,9,22808,0
02.04.17,0,26475,0
02.04.17,1,25425,0
02.04.17,2,24745,0
02.04.17,3,33902,0
02.04.17,4,25813,0
02.04.17,5,25280,0
02.04.17,6,25413,0
02.04.17,7,37825,0
02.04.17,8,18020,0
02.04.17,9,23114,0
01.04.17,0,25834,0
01.04.17,1,24935,0
01.04.17,2,24251,0
01.04.17,3,33049,0
01.04.17,4,25059,0
01.04.17,5,24610,0
01.04.17,6,24717,0
01.04.17,7,36871,0
01.04.17,8,17568,0
01.04.17,9,22732,0
31.03.17,0,13250,0
31.03.17,1,12923,0
31.03.17,2,12664,0
31.03.17,3,17248,0
31.03.17,4,12228,0
31.03.17,5,12157,0
31.03.17,6,12194,0
31.03.17,7,18329,0
31.03.17,8,8731,0
31.03.17,9,11606,0
30.03.17,0,20258,0
30.03.17,1,19719,0
30.03.17,2,19417,0
30.03.17,3,25961,0
30.03.17,4,19650,0
30.03.17,5,19166,0
30.03.17,6,19403,0
30.03.17,7,28892,0
30.03.17,8,13705,0
30.03.17,9,17848,0
29.03.17,0,25576,0
29.03.17,1,24542,0
29.03.17,2,23791,0
29.03.17,3,32526,0
29.03.17,4,25009,0
29.03.17,5,24512,0
29.03.17,6,24603,0
29.03.17,7,36619,0
29.03.17,8,17400,0
29.03.17,9,22235,0
28.03.17,0,25022,0
28.03.17,1,24077,0
28.03.17,2,23350,0
28.03.17,3,31783,0
28.03.17,4,24485,0
28.03.17,5,23980,0
28.03.17,6,24126,0
28.03.17,7,35886,0
28.03.17,8,17032,0
28.03.17,9,22101,0
27.03.17,0,2880,0
27.03.17,1,2721,0
27.03.17,2,2660,0
27.03.17,3,3764,0
27.03.17,4,2636,0
27.03.17,5,2644,0
27.03.17,6,2643,0
27.03.17,7,4000,0
27.03.17,8,1892,0
27.03.17,9,2589,0
