Date,Ptotal
05.09.16,208541
04.09.16,266068
03.09.16,272907
02.09.16,244325
01.09.16,241732
31.08.16,233722
30.08.16,269866
29.08.16,216506
28.08.16,236343
27.08.16,199393
26.08.16,256183
25.08.16,240495
24.08.16,242283
23.08.16,259936
22.08.16,277905
21.08.16,270900
20.08.16,277438
19.08.16,272685
18.08.16,272643
17.08.16,291812
16.08.16,298807
15.08.16,303414
14.08.16,142634
13.08.16,202634
12.08.16,248187
11.08.16,271071
10.08.16,246348
09.08.16,281952
08.08.16,270107
07.08.16,263393
06.08.16,259172
05.08.16,269153
04.08.16,277481
03.08.16,210753
02.08.16,254079
01.08.16,280168
31.07.16,280302
30.07.16,241148
29.07.16,282151
28.07.16,278133
27.07.16,287292
26.07.16,293800
25.07.16,301117
24.07.16,306165
23.07.16,296154
22.07.16,281699
21.07.16,278936
20.07.16,220373
19.07.16,285116
18.07.16,292921
17.07.16,292162
16.07.16,301406
15.07.16,307145
14.07.16,290729
13.07.16,306506
12.07.16,313643
11.07.16,313716
10.07.16,319341
09.07.16,312901
08.07.16,263925
07.07.16,274831
06.07.16,297137
05.07.16,315277
04.07.16,265608
03.07.16,305647
02.07.16,305601
01.07.16,254522
30.06.16,218489
29.06.16,217363
28.06.16,299180
27.06.16,200855
26.06.16,310002
25.06.16,310410
24.06.16,306996
23.06.16,311126
22.06.16,317005
21.06.16,308152
20.06.16,317809
19.06.16,318850
18.06.16,328332
17.06.16,325135
16.06.16,277558
15.06.16,297926
14.06.16,135703
13.06.16,268658
12.06.16,329897
11.06.16,294863
10.06.16,289676
09.06.16,200560
08.06.16,67655
07.06.16,302685
06.06.16,253071
05.06.16,302473
04.06.16,301654
03.06.16,240433
02.06.16,306767
01.06.16,282347
31.05.16,292552
30.05.16,294890
29.05.16,224151
28.05.16,68096
27.05.16,310812
26.05.16,290687
25.05.16,196657
24.05.16,306241
23.05.16,116367
22.05.16,155707
21.05.16,212331
20.05.16,321853
19.05.16,323637
18.05.16,207880
17.05.16,299773
16.05.16,302873
15.05.16,214448
14.05.16,226696
13.05.16,196535
12.05.16,183089
11.05.16,242187
10.05.16,190903
09.05.16,222479
08.05.16,262444
07.05.16,215146
06.05.16,113987
05.05.16,166999
04.05.16,187755
03.05.16,207019
02.05.16,222999
01.05.16,302158
30.04.16,290804
29.04.16,239434
28.04.16,300395
27.04.16,276782
26.04.16,161789
25.04.16,171068
24.04.16,214970
23.04.16,227209
22.04.16,291360
21.04.16,223704
20.04.16,232124
19.04.16,240202
18.04.16,281612
17.04.16,287416
16.04.16,286971
15.04.16,194264
14.04.16,268517
13.04.16,182514
12.04.16,94917
11.04.16,197733
10.04.16,229829
09.04.16,173338
08.04.16,142502
07.04.16,200165
06.04.16,237884
05.04.16,244556
04.04.16,244999
03.04.16,251052
02.04.16,222425
01.04.16,246217
31.03.16,243070
30.03.16,200758
29.03.16,244626
28.03.16,59160
27.03.16,52476
26.03.16,62657
25.03.16,124966
24.03.16,94949
23.03.16,145461
22.03.16,170719
21.03.16,182217
20.03.16,102071
19.03.16,32426
18.03.16,227736
17.03.16,138800
16.03.16,65153
15.03.16,117468
28.02.16,5416
27.02.16,112940
26.02.16,169241
25.02.16,48147
24.02.16,123615
23.02.16,177617
22.02.16,179046
21.02.16,36190
20.02.16,42012
19.02.16,121822
18.02.16,144632
17.02.16,132086
16.02.16,146794
15.02.16,105928
14.02.16,56088
13.02.16,44600
12.02.16,76861
11.02.16,36352
10.02.16,114092
09.02.16,59786
08.02.16,9657
07.02.16,809
06.02.16,0
05.02.16,104255
04.02.16,131366
03.02.16,139930
02.02.16,145591
01.02.16,60666
31.01.16,42393
30.01.16,49035
29.01.16,16833
28.01.16,8688
27.01.16,21777
26.01.16,7231
25.01.16,8258
24.01.16,4423
23.01.16,1193
22.01.16,575
21.01.16,0
20.01.16,52488
19.01.16,7888
18.01.16,46400
17.01.16,21626
16.01.16,120674
15.01.16,105551
14.01.16,33287
13.01.16,8678
12.01.16,124039
11.01.16,49015
10.01.16,111151
09.01.16,110650
08.01.16,23137
07.01.16,22585
06.01.16,25989
05.01.16,11401
04.01.16,20594
03.01.16,50457
02.01.16,111994
01.01.16,92434
31.12.15,68895
30.12.15,98056
29.12.15,18786
28.12.15,86470
27.12.15,60539
26.12.15,41983
25.12.15,85827
24.12.15,26751
23.12.15,23022
22.12.15,20460
21.12.15,13100
20.12.15,17851
19.12.15,101805
18.12.15,94586
17.12.15,82882
16.12.15,21415
15.12.15,85343
14.12.15,58349
13.12.15,91127
12.12.15,81836
11.12.15,54101
10.12.15,99462
09.12.15,110046
08.12.15,95567
07.12.15,107072
06.12.15,106751
05.12.15,113159
04.12.15,56087
03.12.15,59686
02.12.15,15862
01.12.15,108698
30.11.15,29297
29.11.15,82303
28.11.15,88125
27.11.15,48807
26.11.15,34689
25.11.15,37675
24.11.15,110741
23.11.15,118673
22.11.15,120522
21.11.15,130234
20.11.15,118654
19.11.15,110622
18.11.15,120845
17.11.15,139869
16.11.15,102931
15.11.15,109541
14.11.15,130274
13.11.15,127508
12.11.15,55772
11.11.15,18615
10.11.15,113084
09.11.15,76053
08.11.15,118466
07.11.15,138986
06.11.15,137381
05.11.15,146649
04.11.15,148766
03.11.15,151000
02.11.15,160863
01.11.15,165768
31.10.15,51079
30.10.15,96271
29.10.15,77621
28.10.15,134162
27.10.15,140881
26.10.15,175836
25.10.15,72731
24.10.15,75320
23.10.15,47434
22.10.15,61266
21.10.15,102880
20.10.15,168296
19.10.15,146666
18.10.15,153310
17.10.15,159905
16.10.15,176831
15.10.15,180963
14.10.15,180523
13.10.15,165217
12.10.15,131137
11.10.15,138434
10.10.15,176059
09.10.15,154127
08.10.15,118669
07.10.15,74282
06.10.15,65993
05.10.15,181995
04.10.15,176237
03.10.15,186809
02.10.15,194204
01.10.15,134721
30.09.15,63421
29.09.15,179821
28.09.15,177176
27.09.15,189429
26.09.15,207955
25.09.15,212964
24.09.15,167829
23.09.15,92444
22.09.15,169641
21.09.15,147897
20.09.15,206066
19.09.15,215887
18.09.15,221835
17.09.15,214122
16.09.15,214750
15.09.15,205946
14.09.15,217157
13.09.15,226962
12.09.15,173993
11.09.15,213307
10.09.15,220396
09.09.15,179823
08.09.15,209295
07.09.15,226138
06.09.15,246267
05.09.15,240650
04.09.15,231620
03.09.15,240380
02.09.15,249355
01.09.15,259583
31.08.15,252687
30.08.15,261612
29.08.15,252593
28.08.15,262923
27.08.15,260303
26.08.15,235698
25.08.15,220050
24.08.15,215916
23.08.15,190232
22.08.15,245613
21.08.15,196895
20.08.15,228181
19.08.15,240718
18.08.15,247128
17.08.15,242701
16.08.15,255289
15.08.15,235888
14.08.15,233180
13.08.15,264694
12.08.15,272172
11.08.15,193534
10.08.15,249533
09.08.15,266917
08.08.15,266610
07.08.15,230102
06.08.15,230778
05.08.15,257257
04.08.15,264779
03.08.15,235275
02.08.15,223058
01.08.15,261459
31.07.15,202341
30.07.15,252888
29.07.15,263573
28.07.15,255729
27.07.15,261859
26.07.15,254389
25.07.15,249327
24.07.15,254561
23.07.15,281352
22.07.15,284824
21.07.15,282888
20.07.15,283419
19.07.15,290135
18.07.15,292027
17.07.15,291532
16.07.15,285185
15.07.15,259331
14.07.15,286624
13.07.15,288014
12.07.15,214556
11.07.15,281816
10.07.15,280868
09.07.15,269209
08.07.15,288551
07.07.15,257110
06.07.15,260079
05.07.15,288157
04.07.15,269792
03.07.15,237837
02.07.15,239368
01.07.15,262680
30.06.15,230598
29.06.15,172951
28.06.15,264430
27.06.15,156223
26.06.15,247467
25.06.15,267375
24.06.15,192989
23.06.15,176925
22.06.15,243479
21.06.15,280931
20.06.15,222691
19.06.15,234989
18.06.15,227879
17.06.15,252879
16.06.15,209703
15.06.15,207426
14.06.15,240360
13.06.15,218494
12.06.15,140204
11.06.15,234092
10.06.15,275796
09.06.15,176917
08.06.15,190710
07.06.15,213040
06.06.15,120527
05.06.15,143492
04.06.15,101110
03.06.15,145799
02.06.15,254796
01.06.15,269463
31.05.15,157716
30.05.15,75671
29.05.15,75191
28.05.15,211949
27.05.15,87418
26.05.15,258157
25.05.15,203617
24.05.15,227415
23.05.15,186435
22.05.15,204127
21.05.15,275463
20.05.15,265044
19.05.15,259131
18.05.15,271814
17.05.15,270756
16.05.15,264351
15.05.15,288222
14.05.15,282118
13.05.15,256246
12.05.15,282365
11.05.15,238608
10.05.15,289066
09.05.15,255332
08.05.15,134741
07.05.15,283117
06.05.15,254253
05.05.15,282376
04.05.15,272530
03.05.15,121621
02.05.15,247469
01.05.15,192898
30.04.15,243049
29.04.15,240652
28.04.15,229990
27.04.15,272542
26.04.15,142591
25.04.15,260712
24.04.15,280221
23.04.15,186728
22.04.15,203526
21.04.15,207450
20.04.15,110525
19.04.15,246720
18.04.15,208394
17.04.15,264111
16.04.15,259284
15.04.15,211863
14.04.15,252403
13.04.15,212360
12.04.15,241470
11.04.15,128438
10.04.15,124322
09.04.15,35628
08.04.15,124571
07.04.15,112520
06.04.15,247945
05.04.15,176665
04.04.15,188929
03.04.15,245434
02.04.15,82077
01.04.15,181934
31.03.15,89302
30.03.15,169750
29.03.15,112263
28.03.15,50970
27.03.15,76818
26.03.15,201656
25.03.15,230413
24.03.15,176938
23.03.15,128417
22.03.15,179924
21.03.15,111168
20.03.15,131415
19.03.15,32518
18.03.15,127722
17.03.15,208274
16.03.15,174546
15.03.15,124695
14.03.15,143477
13.03.15,115079
12.03.15,28955
11.03.15,91295
10.03.15,174554
09.03.15,195153
08.03.15,190562
07.03.15,164321
06.03.15,93414
05.03.15,199398
04.03.15,122804
03.03.15,97447
02.03.15,165498
01.03.15,90070
28.02.15,171583
27.02.15,165149
26.02.15,126260
25.02.15,132108
24.02.15,82585
23.02.15,95972
22.02.15,185054
21.02.15,120226
20.02.15,2688
19.02.15,307
18.02.15,64759
17.02.15,114695
16.02.15,22385
15.02.15,95581
14.02.15,64052
13.02.15,54203
12.02.15,594
11.02.15,0
10.02.15,19825
09.02.15,51588
08.02.15,96939
07.02.15,135715
06.02.15,151186
05.02.15,128529
04.02.15,145068
03.02.15,118062
02.02.15,38340
01.02.15,107423
31.01.15,53736
30.01.15,102104
29.01.15,112928
28.01.15,89604
27.01.15,127809
26.01.15,67606
25.01.15,38773
24.01.15,114649
23.01.15,122672
22.01.15,103687
21.01.15,106778
20.01.15,95883
19.01.15,49642
18.01.15,31227
17.01.15,63024
16.01.15,71491
15.01.15,49606
14.01.15,108798
13.01.15,56956
12.01.15,711
11.01.15,0
10.01.15,0
09.01.15,286
08.01.15,35
07.01.15,0
06.01.15,0
05.01.15,33110
04.01.15,57351
03.01.15,32864
02.01.15,35479
01.01.15,37820
31.12.14,15109
30.12.14,25719
29.12.14,41247
28.12.14,91813
27.12.14,62468
26.12.14,100357
25.12.14,99417
24.12.14,108454
23.12.14,76961
22.12.14,106270
21.12.14,46668
20.12.14,60457
19.12.14,43257
18.12.14,21443
17.12.14,31506
16.12.14,69546
15.12.14,50922
14.12.14,70775
13.12.14,41569
12.12.14,26035
11.12.14,75252
10.12.14,67488
09.12.14,39389
08.12.14,22342
07.12.14,34399
06.12.14,52349
05.12.14,60351
04.12.14,32977
03.12.14,41097
02.12.14,49963
01.12.14,31254
30.11.14,13693
29.11.14,53465
28.11.14,103221
27.11.14,45968
26.11.14,14837
25.11.14,27915
24.11.14,37474
23.11.14,56211
22.11.14,50564
21.11.14,23897
20.11.14,59434
19.11.14,87441
18.11.14,98587
17.11.14,101883
16.11.14,108916
15.11.14,81547
14.11.14,106820
13.11.14,98184
12.11.14,123903
11.11.14,120865
10.11.14,125621
09.11.14,89659
08.11.14,115366
07.11.14,146527
06.11.14,146358
05.11.14,147113
04.11.14,151241
03.11.14,158258
02.11.14,37171
01.11.14,86592
31.10.14,47241
30.10.14,54483
29.10.14,121600
28.10.14,131275
27.10.14,69537
26.10.14,106503
25.10.14,61350
24.10.14,57252
23.10.14,111784
22.10.14,158296
21.10.14,176316
20.10.14,172619
19.10.14,183992
18.10.14,94460
17.10.14,72133
16.10.14,119759
15.10.14,144378
14.10.14,108844
13.10.14,120892
12.10.14,88540
11.10.14,149122
10.10.14,192706
09.10.14,195623
08.10.14,177155
07.10.14,187557
06.10.14,127232
05.10.14,175507
04.10.14,193269
03.10.14,210009
02.10.14,211802
01.10.14,209973
30.09.14,211628
29.09.14,171940
28.09.14,72080
27.09.14,164396
26.09.14,207901
25.09.14,229791
24.09.14,229119
23.09.14,109635
22.09.14,192954
21.09.14,227818
20.09.14,152000
19.09.14,126154
18.09.14,120927
17.09.14,85682
16.09.14,216360
15.09.14,222509
14.09.14,177112
13.09.14,188712
12.09.14,239824
11.09.14,228755
10.09.14,112110
09.09.14,241902
08.09.14,141489
07.09.14,245028
06.09.14,183974
05.09.14,210525
04.09.14,199811
03.09.14,226830
02.09.14,157517
01.09.14,210941
31.08.14,233211
30.08.14,254194
29.08.14,213292
28.08.14,236545
27.08.14,235047
26.08.14,249962
25.08.14,239289
24.08.14,261697
23.08.14,261869
22.08.14,263203
21.08.14,260523
20.08.14,251453
19.08.14,209164
18.08.14,257108
17.08.14,259827
16.08.14,273291
15.08.14,263183
14.08.14,270483
13.08.14,275373
12.08.14,234005
11.08.14,253246
10.08.14,275631
09.08.14,245985
08.08.14,265924
07.08.14,173538
06.08.14,275122
05.08.14,249458
04.08.14,231635
03.08.14,260898
02.08.14,264968
01.08.14,246745
31.07.14,285742
30.07.14,281931
29.07.14,280761
28.07.14,287178
27.07.14,281718
26.07.14,271279
25.07.14,277692
24.07.14,258219
23.07.14,268230
22.07.14,261692
21.07.14,195502
20.07.14,191632
19.07.14,242476
18.07.14,271653
17.07.14,276012
16.07.14,264040
15.07.14,261460
14.07.14,276148
13.07.14,278802
12.07.14,282784
11.07.14,259471
10.07.14,289601
09.07.14,294954
08.07.14,287696
07.07.14,289246
06.07.14,290315
05.07.14,233480
04.07.14,220308
03.07.14,289765
02.07.14,288195
01.07.14,283510
30.06.14,297662
29.06.14,299196
28.06.14,187261
27.06.14,264219
26.06.14,288817
25.06.14,297601
24.06.14,297038
23.06.14,297545
22.06.14,265157
21.06.14,296512
20.06.14,294607
19.06.14,279911
18.06.14,277777
17.06.14,302261
16.06.14,228958
15.06.14,232341
14.06.14,296948
13.06.14,301679
12.06.14,224747
11.06.14,293410
10.06.14,296908
09.06.14,206453
08.06.14,142252
07.06.14,209000
06.06.14,133759
05.06.14,181764
04.06.14,209713
03.06.14,249953
02.06.14,237373
01.06.14,158676
31.05.14,285717
30.05.14,130267
29.05.14,193489
28.05.14,301857
27.05.14,275678
26.05.14,273819
25.05.14,249739
24.05.14,177976
23.05.14,245328
22.05.14,172324
21.05.14,240233
20.05.14,311993
19.05.14,291458
18.05.14,272453
17.05.14,323351
16.05.14,316110
15.05.14,297053
14.05.14,261367
13.05.14,269742
12.05.14,290598
11.05.14,175012
10.05.14,213880
09.05.14,281595
08.05.14,215024
07.05.14,259004
06.05.14,237869
05.05.14,41242
04.05.14,159686
03.05.14,275705
02.05.14,183892
01.05.14,193311
30.04.14,179694
29.04.14,231306
28.04.14,185654
27.04.14,206315
26.04.14,224110
25.04.14,188642
24.04.14,231880
23.04.14,254938
22.04.14,234696
21.04.14,237680
20.04.14,272667
19.04.14,239365
18.04.14,217065
17.04.14,237871
16.04.14,251888
15.04.14,164852
14.04.14,129242
13.04.14,282345
12.04.14,205416
11.04.14,192007
10.04.14,263036
09.04.14,253357
08.04.14,134236
07.04.14,167203
06.04.14,232519
05.04.14,224612
04.04.14,239724
03.04.14,184219
02.04.14,238747
01.04.14,247236
31.03.14,272268
30.03.14,253450
29.03.14,190632
28.03.14,126090
27.03.14,230365
26.03.14,215346
25.03.14,181629
24.03.14,235385
23.03.14,244035
22.03.14,244620
21.03.14,251527
20.03.14,146119
19.03.14,239816
18.03.14,196057
17.03.14,154671
16.03.14,165805
15.03.14,236131
14.03.14,231861
13.03.14,134900
12.03.14,108650
11.03.14,83079
10.03.14,34782
09.03.14,88942
08.03.14,51491
07.03.14,122374
06.03.14,151192
05.03.14,172034
04.03.14,140018
03.03.14,93298
02.03.14,104275
01.03.14,170592
28.02.14,94293
27.02.14,151531
26.02.14,102812
25.02.14,29899
24.02.14,77870
23.02.14,153560
22.02.14,150144
21.02.14,138150
20.02.14,194589
19.02.14,175715
18.02.14,176113
17.02.14,187251
16.02.14,151888
15.02.14,38671
14.02.14,78396
13.02.14,170565
12.02.14,171170
11.02.14,160176
10.02.14,110203
09.02.14,89702
08.02.14,161777
07.02.14,158222
06.02.14,151256
05.02.14,155778
04.02.14,157245
03.02.14,167627
02.02.14,165479
01.02.14,158168
31.01.14,158070
30.01.14,140519
29.01.14,62833
28.01.14,57566
27.01.14,90511
26.01.14,27980
25.01.14,35157
24.01.14,104077
23.01.14,142844
22.01.14,88794
21.01.14,116600
20.01.14,89893
19.01.14,93638
18.01.14,117315
17.01.14,75194
16.01.14,47734
15.01.14,117750
14.01.14,44266
13.01.14,48539
12.01.14,17092
11.01.14,31188
10.01.14,24542
09.01.14,17528
08.01.14,59370
07.01.14,23135
06.01.14,77686
05.01.14,42269
04.01.14,19226
03.01.14,27176
02.01.14,18304
01.01.14,42017
31.12.13,105477
30.12.13,65548
29.12.13,13666
28.12.13,96050
27.12.13,90429
26.12.13,88090
25.12.13,38678
24.12.13,94979
23.12.13,96277
22.12.13,30334
21.12.13,16439
20.12.13,58469
19.12.13,20519
18.12.13,115885
17.12.13,27988
16.12.13,51329
15.12.13,56409
14.12.13,122081
13.12.13,110120
12.12.13,128052
11.12.13,94899
10.12.13,20727
09.12.13,51447
08.12.13,13259
07.12.13,35776
06.12.13,120579
05.12.13,127505
04.12.13,90053
03.12.13,125678
02.12.13,80189
01.12.13,75923
30.11.13,136925
29.11.13,58928
28.11.13,72872
27.11.13,97567
26.11.13,65181
25.11.13,69336
24.11.13,93016
23.11.13,97994
22.11.13,74753
21.11.13,105003
20.11.13,118438
19.11.13,130397
18.11.13,127189
17.11.13,44495
16.11.13,134830
15.11.13,122901
14.11.13,99083
13.11.13,138717
12.11.13,141874
11.11.13,140626
10.11.13,151507
09.11.13,156024
08.11.13,148386
07.11.13,63164
06.11.13,124932
05.11.13,106394
04.11.13,155035
03.11.13,155177
02.11.13,163780
01.11.13,167036
31.10.13,162929
30.10.13,160670
29.10.13,166902
28.10.13,175822
27.10.13,182343
26.10.13,177297
25.10.13,181305
24.10.13,185437
23.10.13,179774
22.10.13,189602
21.10.13,198507
20.10.13,206877
19.10.13,89340
18.10.13,106136
17.10.13,48629
16.10.13,187957
15.10.13,202104
14.10.13,204744
13.10.13,173877
12.10.13,187210
11.10.13,192240
10.10.13,208702
09.10.13,209215
08.10.13,212283
07.10.13,224400
06.10.13,186590
05.10.13,180289
04.10.13,119985
03.10.13,93790
02.10.13,98518
01.10.13,166468
30.09.13,216677
29.09.13,229851
28.09.13,222971
27.09.13,219676
26.09.13,233529
25.09.13,219745
24.09.13,175306
23.09.13,234569
22.09.13,205436
21.09.13,178913
20.09.13,223552
19.09.13,196687
18.09.13,224729
17.09.13,154800
16.09.13,250020
15.09.13,267978
14.09.13,240942
13.09.13,250010
12.09.13,258612
11.09.13,261529
10.09.13,259443
09.09.13,266125
08.09.13,254887
07.09.13,270851
06.09.13,272494
05.09.13,209025
04.09.13,115718
03.09.13,270302
02.09.13,262073
01.09.13,251001
31.08.13,151823
30.08.13,207281
29.08.13,262727
28.08.13,263506
27.08.13,263633
26.08.13,261728
25.08.13,260725
24.08.13,226631
23.08.13,244573
22.08.13,281478
21.08.13,288814
20.08.13,292600
19.08.13,263088
18.08.13,262947
17.08.13,240606
16.08.13,258324
15.08.13,265998
14.08.13,295213
13.08.13,296109
12.08.13,205262
11.08.13,295351
10.08.13,309432
09.08.13,311015
08.08.13,302764
07.08.13,310622
06.08.13,316205
05.08.13,317370
04.08.13,266062
03.08.13,314937
02.08.13,262258
01.08.13,234092
31.07.13,288211
30.07.13,305470
29.07.13,313315
28.07.13,275570
27.07.13,238707
26.07.13,316541
25.07.13,321388
24.07.13,318422
23.07.13,249730
22.07.13,258212
21.07.13,248078
20.07.13,321826
19.07.13,317218
18.07.13,135598
17.07.13,198237
16.07.13,237170
15.07.13,261281
14.07.13,290793
13.07.13,225074
12.07.13,283820
11.07.13,273702
10.07.13,301371
09.07.13,310975
08.07.13,289436
07.07.13,310942
06.07.13,306089
05.07.13,316849
04.07.13,320794
03.07.13,323083
02.07.13,201890
01.07.13,303911
30.06.13,300871
29.06.13,246583
28.06.13,308801
27.06.13,314276
26.06.13,315295
25.06.13,291326
24.06.13,324412
23.06.13,332767
22.06.13,332858
21.06.13,331574
20.06.13,331663
19.06.13,327143
18.06.13,290906
17.06.13,150241
16.06.13,268952
15.06.13,247136
14.06.13,330384
13.06.13,261107
12.06.13,223006
11.06.13,326459
10.06.13,291633
09.06.13,264849
08.06.13,256585
07.06.13,297932
06.06.13,255589
05.06.13,280048
04.06.13,314023
03.06.13,246164
02.06.13,236615
01.06.13,316104
31.05.13,292128
30.05.13,230832
29.05.13,195919
28.05.13,328490
27.05.13,319276
26.05.13,325062
25.05.13,319675
24.05.13,278530
23.05.13,157220
22.05.13,294440
21.05.13,314650
20.05.13,310053
19.05.13,299235
18.05.13,303429
17.05.13,206989
16.05.13,295822
15.05.13,214501
14.05.13,113641
13.05.13,178830
12.05.13,204984
11.05.13,184415
10.05.13,158784
09.05.13,235669
08.05.13,284299
07.05.13,287483
06.05.13,289379
05.05.13,298220
04.05.13,293654
03.05.13,293996
02.05.13,295045
01.05.13,298274
30.04.13,283830
29.04.13,283827
28.04.13,295413
27.04.13,290737
26.04.13,291076
25.04.13,290232
24.04.13,301952
23.04.13,306141
22.04.13,178317
21.04.13,206581
20.04.13,259914
19.04.13,244402
18.04.13,90662
17.04.13,115590
16.04.13,61788
15.04.13,81734
14.04.13,233224
13.04.13,272874
12.04.13,296108
11.04.13,206936
10.04.13,186126
09.04.13,198204
08.04.13,123472
07.04.13,196252
06.04.13,267416
05.04.13,273191
04.04.13,81132
03.04.13,82474
02.04.13,242661
01.04.13,194935
31.03.13,265665
30.03.13,222833
29.03.13,235184
28.03.13,92772
27.03.13,159177
26.03.13,57403
25.03.13,229788
24.03.13,207106
23.03.13,98107
22.03.13,53329
21.03.13,138473
20.03.13,228562
19.03.13,161073
18.03.13,242961
17.03.13,130741
16.03.13,170546
15.03.13,81018
14.03.13,213603
13.03.13,194032
12.03.13,81099
11.03.13,106921
10.03.13,107576
09.03.13,74258
08.03.13,127760
07.03.13,185198
06.03.13,220224
05.03.13,202456
04.03.13,196871
03.03.13,89349
02.03.13,215221
01.03.13,217228
28.02.13,96278
27.02.13,163758
26.02.13,200363
25.02.13,168333
24.02.13,151145
23.02.13,60104
22.02.13,29110
21.02.13,108191
20.02.13,43566
19.02.13,120488
18.02.13,83769
17.02.13,77755
16.02.13,55141
15.02.13,71989
14.02.13,190019
13.02.13,164690
12.02.13,112259
11.02.13,64562
10.02.13,173836
09.02.13,154633
08.02.13,128490
07.02.13,130144
06.02.13,115694
05.02.13,163852
04.02.13,118721
03.02.13,148034
02.02.13,147460
01.02.13,65523
31.01.13,79898
30.01.13,57201
29.01.13,79958
28.01.13,68703
27.01.13,80053
26.01.13,57699
25.01.13,50462
24.01.13,132814
23.01.13,68746
22.01.13,132665
21.01.13,149600
20.01.13,100133
19.01.13,17045
18.01.13,39135
17.01.13,77389
16.01.13,112002
15.01.13,140275
14.01.13,100248
13.01.13,90976
12.01.13,36517
11.01.13,71950
10.01.13,48888
09.01.13,11267
08.01.13,3048
07.01.13,61019
06.01.13,90199
05.01.13,40196
04.01.13,17132
03.01.13,22970
02.01.13,22353
01.01.13,83936
31.12.12,103099
30.12.12,98492
29.12.12,67413
28.12.12,64458
27.12.12,100233
26.12.12,70893
25.12.12,101706
24.12.12,58787
23.12.12,15566
22.12.12,33609
21.12.12,17783
20.12.12,16899
19.12.12,60031
18.12.12,22666
17.12.12,6793
16.12.12,50640
15.12.12,112471
14.12.12,106155
13.12.12,85529
12.12.12,26800
11.12.12,46744
10.12.12,23354
09.12.12,132327
08.12.12,118038
07.12.12,75382
06.12.12,89168
05.12.12,141741
04.12.12,14848
03.12.12,20447
02.12.12,122314
01.12.12,91270
30.11.12,81385
29.11.12,91608
28.11.12,116696
27.11.12,120498
26.11.12,112472
25.11.12,130772
24.11.12,77586
23.11.12,55704
22.11.12,26859
21.11.12,21051
20.11.12,21642
19.11.12,26796
18.11.12,47139
17.11.12,91980
16.11.12,128726
15.11.12,133504
14.11.12,44139
13.11.12,126011
12.11.12,163947
11.11.12,92191
10.11.12,27287
09.11.12,30604
08.11.12,17152
07.11.12,84132
06.11.12,147192
05.11.12,154411
04.11.12,147830
03.11.12,121367
02.11.12,115258
01.11.12,166096
31.10.12,83678
30.10.12,102567
29.10.12,158943
28.10.12,146143
27.10.12,174191
26.10.12,173326
25.10.12,160112
24.10.12,90737
23.10.12,171717
22.10.12,104608
21.10.12,115886
20.10.12,175163
19.10.12,190628
18.10.12,189207
17.10.12,169370
16.10.12,197126
15.10.12,197857
14.10.12,204833
13.10.12,186716
12.10.12,198863
11.10.12,46658
10.10.12,163568
09.10.12,136058
08.10.12,174235
07.10.12,209884
06.10.12,216019
05.10.12,200964
04.10.12,106019
03.10.12,123221
02.10.12,204641
01.10.12,190595
30.09.12,218733
29.09.12,225177
28.09.12,228201
27.09.12,221095
26.09.12,232722
25.09.12,240136
24.09.12,240769
23.09.12,251332
22.09.12,262695
21.09.12,223614
20.09.12,221349
19.09.12,215522
18.09.12,213996
17.09.12,232045
16.09.12,241187
15.09.12,238496
14.09.12,243616
13.09.12,235960
12.09.12,253060
11.09.12,267170
10.09.12,264808
09.09.12,250847
08.09.12,254867
07.09.12,237114
06.09.12,258536
05.09.12,264038
04.09.12,268216
03.09.12,273276
02.09.12,274099
01.09.12,273758
31.08.12,269806
30.08.12,285572
29.08.12,294900
28.08.12,270022
27.08.12,276419
26.08.12,282275
25.08.12,287431
24.08.12,292293
23.08.12,294209
22.08.12,226616
21.08.12,296403
20.08.12,304892
19.08.12,263043
18.08.12,246432
17.08.12,301623
16.08.12,297436
15.08.12,301763
14.08.12,290704
13.08.12,296718
12.08.12,236255
11.08.12,246964
10.08.12,291735
09.08.12,233948
08.08.12,217091
07.08.12,236431
06.08.12,201392
05.08.12,271589
04.08.12,267871
03.08.12,289226
02.08.12,310533
01.08.12,303437
31.07.12,294436
30.07.12,292967
29.07.12,262180
28.07.12,234145
27.07.12,264818
26.07.12,287108
25.07.12,295575
24.07.12,286172
23.07.12,277722
22.07.12,305165
21.07.12,302169
20.07.12,287747
19.07.12,300243
18.07.12,302908
17.07.12,306455
16.07.12,294285
15.07.12,319479
14.07.12,294694
13.07.12,307222
12.07.12,294911
11.07.12,319386
10.07.12,329083
09.07.12,255204
08.07.12,204167
07.07.12,246538
06.07.12,242637
05.07.12,268009
04.07.12,224263
03.07.12,255909
02.07.12,228895
01.07.12,319229
30.06.12,319041
29.06.12,303907
28.06.12,279073
27.06.12,308991
26.06.12,310253
25.06.12,297556
24.06.12,293298
23.06.12,303449
22.06.12,325546
21.06.12,301503
20.06.12,287835
19.06.12,292390
18.06.12,291988
17.06.12,288064
16.06.12,270917
15.06.12,245999
14.06.12,255288
13.06.12,268379
12.06.12,263790
11.06.12,284042
10.06.12,286096
09.06.12,285233
08.06.12,278015
07.06.12,170384
06.06.12,224791
05.06.12,286489
04.06.12,217210
03.06.12,256371
02.06.12,252901
01.06.12,287126
31.05.12,196804
30.05.12,219205
29.05.12,238034
28.05.12,238486
27.05.12,226977
26.05.12,129414
25.05.12,152953
24.05.12,237442
23.05.12,225553
22.05.12,277268
21.05.12,213649
20.05.12,224881
19.05.12,262332
18.05.12,257470
17.05.12,212097
16.05.12,121095
15.05.12,226443
14.05.12,155958
13.05.12,200239
12.05.12,192700
11.05.12,76720
10.05.12,109935
09.05.12,241624
08.05.12,273088
07.05.12,214433
06.05.12,234865
05.05.12,236523
04.05.12,240744
03.05.12,148885
02.05.12,190194
01.05.12,269642
30.04.12,184429
29.04.12,256587
28.04.12,257465
27.04.12,177790
26.04.12,240133
25.04.12,219371
24.04.12,219656
23.04.12,174445
22.04.12,184683
21.04.12,127181
20.04.12,224801
19.04.12,137626
18.04.12,138398
17.04.12,244621
16.04.12,223003
15.04.12,146356
14.04.12,143754
13.04.12,194815
12.04.12,246455
11.04.12,141740
10.04.12,129578
09.04.12,234902
08.04.12,217375
07.04.12,221830
06.04.12,200915
05.04.12,123895
04.04.12,237035
03.04.12,245699
02.04.12,94387
01.04.12,183620
31.03.12,196602
30.03.12,180889
29.03.12,206905
28.03.12,97068
27.03.12,239044
26.03.12,183512
25.03.12,216737
24.03.12,215905
23.03.12,221662
22.03.12,169496
21.03.12,213806
20.03.12,211299
19.03.12,220672
18.03.12,228682
17.03.12,171833
16.03.12,146837
15.03.12,110329
14.03.12,35596
13.03.12,77874
12.03.12,68034
11.03.12,152354
10.03.12,154143
09.03.12,121639
08.03.12,162735
07.03.12,1446
07.03.12,70414
06.03.12,28283
05.03.12,22685
04.03.12,7738
03.03.12,3668
02.03.12,2162
01.03.12,43
29.02.12,0
28.02.12,1340
27.02.12,110328
26.02.12,152823
25.02.12,69200
24.02.12,139614
23.02.12,147599
22.02.12,134188
21.02.12,176808
20.02.12,171908
19.02.12,170332
18.02.12,112373
17.02.12,72
16.02.12,115349
15.02.12,67323
14.02.12,18937
13.02.12,92352
12.02.12,79784
11.02.12,33057
10.02.12,976
09.02.12,20704
08.02.12,34343
07.02.12,10240
06.02.12,39030
05.02.12,16240
04.02.12,3635
03.02.12,157
02.02.12,1405
01.02.12,2421
31.01.12,2350
30.01.12,1266
29.01.12,565
28.01.12,188
27.01.12,0
26.01.12,1664
25.01.12,0
24.01.12,8360
23.01.12,7052
22.01.12,1575
21.01.12,553
20.01.12,4262
19.01.12,4890
18.01.12,2191
17.01.12,1251
16.01.12,294
15.01.12,0
14.01.12,68646
13.01.12,115287
12.01.12,18859
11.01.12,48429
10.01.12,7874
09.01.12,15569
08.01.12,42398
07.01.12,46029
06.01.12,113216
05.01.12,91579
04.01.12,100813
03.01.12,96875
02.01.12,37416
01.01.12,4901
31.12.11,12458
30.12.11,53961
29.12.11,33157
28.12.11,32999
27.12.11,72616
26.12.11,37135
25.12.11,30688
24.12.11,20878
23.12.11,36684
22.12.11,91850
30.12.11,53236
06.06.12,161751
05.06.12,212938
05.06.12,245317
04.06.12,191848
03.06.12,229641
02.06.12,233947
01.06.12,281032
31.05.12,192427
30.05.12,189949
29.05.12,206305
28.05.12,200260
27.05.12,207759
27.05.12,189725
26.05.12,114273
25.05.12,136609
24.05.12,210766
23.05.12,226557
22.05.12,240183
21.05.12,209669
20.05.12,196656
19.05.12,202327
18.05.12,231115
18.05.12,222456
17.05.12,187307
16.05.12,107803
15.05.12,198551
14.05.12,168694
13.05.12,171343
12.05.12,174727
11.05.12,114300
10.05.12,75513
09.05.12,127844
09.05.12,217594
08.05.12,241433
07.05.12,191520
06.05.12,214652
05.05.12,236220
04.05.12,214407
03.05.12,159980
02.05.12,153820
01.05.12,187373
30.04.12,201356
30.04.12,189957
29.04.12,227017
28.04.12,230189
27.04.12,172452
26.04.12,228941
25.04.12,212124
24.04.12,199420
23.04.12,168426
22.04.12,147864
21.04.12,146962
21.04.12,123396
20.04.12,195751
19.04.12,128693
18.04.12,120124
17.04.12,227176
16.04.12,202799
15.04.12,153001
14.04.12,129519
13.04.12,138321
12.04.12,185021
12.04.12,206732
11.04.12,125382
10.04.12,115143
09.04.12,205861
08.04.12,220737
07.04.12,197089
06.04.12,185372
05.04.12,142052
04.04.12,141925
03.04.12,212797
03.04.12,201137
02.04.12,83503
01.04.12,163605
31.03.12,179990
30.03.12,183629
29.03.12,179209
28.03.12,119446
27.03.12,152641
26.03.12,186418
25.03.12,171078
25.03.12,192852
24.03.12,191414
23.03.12,197223
22.03.12,161863
21.03.12,205340
20.03.12,188197
19.03.12,193534
18.03.12,199182
17.03.12,177060
16.03.12,146767
16.03.12,127868
15.03.12,97582
14.03.12,31362
13.03.12,69288
12.03.12,60184
11.03.12,111250
10.03.12,139228
09.03.12,125868
08.03.12,87957
07.03.12,148684
07.03.12,1394
07.03.12,69020
06.03.12,28283
05.03.12,22582
04.03.12,1888
03.03.12,6233
02.03.12,3581
01.03.12,1969
29.02.12,43
28.02.12,75
28.02.12,12511
27.02.12,99082
26.02.12,152823
25.02.12,64754
24.02.12,112154
23.02.12,128949
22.02.12,124458
21.02.12,134792
20.02.12,152976
19.02.12,156213
19.02.12,149023
18.02.12,98703
17.02.12,72
16.02.12,105949
15.02.12,53348
14.02.12,30777
13.02.12,30325
12.02.12,73756
11.02.12,79590
10.02.12,33057
10.02.12,1154
09.02.12,20526
08.02.12,34343
07.02.12,8738
06.02.12,30349
05.02.12,20105
04.02.12,7391
03.02.12,2573
02.02.12,146
01.02.12,1405
01.02.12,2421
31.01.12,2350
30.01.12,1266
29.01.12,524
28.01.12,175
27.01.12,54
26.01.12,520
25.01.12,1144
24.01.12,466
23.01.12,8241
23.01.12,6732
22.01.12,1548
21.01.12,553
20.01.12,4080
19.01.12,3684
18.01.12,2494
17.01.12,1553
16.01.12,818
15.01.12,259
14.01.12,13827
14.01.12,65803
13.01.12,104303
12.01.12,18859
11.01.12,45345
10.01.12,8668
09.01.12,12986
08.01.12,29376
07.01.12,39282
06.01.12,58662
05.01.12,97963
05.01.12,83110
04.01.12,90515
03.01.12,96875
02.01.12,34496
01.01.12,6723
31.12.11,9565
30.12.11,35110
29.12.11,38698
28.12.11,28196
27.12.11,37297
27.12.11,61541
26.12.11,33017
25.12.11,30688
24.12.11,19444
23.12.11,29537
22.12.11,68214
30.12.11,62922
20.12.11,44726
